"Records kept for (days:hours:minutes)";"1:0:00"
"Time";"RSMP sensor location - KK-0407-CO-VIS-01 - GyldenlÃ¸vesgade (SÃ¸snittet) FLOW - Counting station - KK+CO0407=001DL001 - S0202 - Average speed"
"Sun, Mar 2, 2025 00:01:05";"16";""
"Sun, Mar 2, 2025 00:01:15";"14";""
"Sun, Mar 2, 2025 00:02:59";"14";""
"Sun, Mar 2, 2025 00:03:56";"17";""
"Sun, Mar 2, 2025 00:04:33";"13";""
"Sun, Mar 2, 2025 00:07:19";"22";""
"Sun, Mar 2, 2025 00:07:42";"19";""
"Sun, Mar 2, 2025 00:07:42";"16";""
"Sun, Mar 2, 2025 00:07:44";"15";""
"Sun, Mar 2, 2025 00:10:10";"16";""
"Sun, Mar 2, 2025 00:10:10";"18";""
"Sun, Mar 2, 2025 00:10:12";"13";""
"Sun, Mar 2, 2025 00:10:12";"15";""
"Sun, Mar 2, 2025 00:10:47";"13";""
"Sun, Mar 2, 2025 00:11:34";"16";""
"Sun, Mar 2, 2025 00:11:39";"16";""
"Sun, Mar 2, 2025 00:17:13";"16";""
"Sun, Mar 2, 2025 00:18:41";"12";""
"Sun, Mar 2, 2025 00:19:58";"18";""
"Sun, Mar 2, 2025 00:20:19";"14";""
"Sun, Mar 2, 2025 00:21:02";"14";""
"Sun, Mar 2, 2025 00:21:04";"12";""
"Sun, Mar 2, 2025 00:21:09";"12";""
"Sun, Mar 2, 2025 00:23:23";"14";""
"Sun, Mar 2, 2025 00:23:38";"16";""
"Sun, Mar 2, 2025 00:25:13";"16";""
"Sun, Mar 2, 2025 00:27:38";"17";""
"Sun, Mar 2, 2025 00:30:15";"11";""
"Sun, Mar 2, 2025 00:30:16";"19";""
"Sun, Mar 2, 2025 00:31:34";"13";""
"Sun, Mar 2, 2025 00:32:56";"16";""
"Sun, Mar 2, 2025 00:35:29";"13";""
"Sun, Mar 2, 2025 00:36:52";"14";""
"Sun, Mar 2, 2025 00:38:26";"13";""
"Sun, Mar 2, 2025 00:39:31";"16";""
"Sun, Mar 2, 2025 00:39:34";"19";""
"Sun, Mar 2, 2025 00:43:37";"17";""
"Sun, Mar 2, 2025 00:43:38";"21";""
"Sun, Mar 2, 2025 00:43:52";"16";""
"Sun, Mar 2, 2025 00:43:58";"16";""
"Sun, Mar 2, 2025 00:46:26";"14";""
"Sun, Mar 2, 2025 00:46:57";"10";""
"Sun, Mar 2, 2025 00:48:10";"16";""
"Sun, Mar 2, 2025 00:51:28";"15";""
"Sun, Mar 2, 2025 00:51:52";"11";""
"Sun, Mar 2, 2025 00:54:33";"8";""
"Sun, Mar 2, 2025 00:55:01";"14";""
"Sun, Mar 2, 2025 00:57:05";"18";""
"Sun, Mar 2, 2025 00:57:11";"13";""
"Sun, Mar 2, 2025 01:08:50";"18";""
"Sun, Mar 2, 2025 01:10:17";"14";""
"Sun, Mar 2, 2025 01:14:36";"19";""
"Sun, Mar 2, 2025 01:19:38";"13";""
"Sun, Mar 2, 2025 01:21:01";"16";""
"Sun, Mar 2, 2025 01:23:37";"14";""
"Sun, Mar 2, 2025 01:24:13";"14";""
"Sun, Mar 2, 2025 01:26:22";"13";""
"Sun, Mar 2, 2025 01:29:55";"14";""
"Sun, Mar 2, 2025 01:30:16";"13";""
"Sun, Mar 2, 2025 01:34:36";"12";""
"Sun, Mar 2, 2025 01:43:01";"14";""
"Sun, Mar 2, 2025 01:43:03";"14";""
"Sun, Mar 2, 2025 01:46:12";"18";""
"Sun, Mar 2, 2025 01:55:34";"12";""
"Sun, Mar 2, 2025 02:01:26";"11";""
"Sun, Mar 2, 2025 02:05:35";"15";""
"Sun, Mar 2, 2025 02:06:07";"18";""
"Sun, Mar 2, 2025 02:14:17";"16";""
"Sun, Mar 2, 2025 02:15:03";"12";""
"Sun, Mar 2, 2025 02:19:30";"16";""
"Sun, Mar 2, 2025 02:27:38";"15";""
"Sun, Mar 2, 2025 02:27:38";"16";""
"Sun, Mar 2, 2025 02:29:17";"16";""
"Sun, Mar 2, 2025 02:30:28";"14";""
"Sun, Mar 2, 2025 02:32:57";"12";""
"Sun, Mar 2, 2025 02:33:24";"15";""
"Sun, Mar 2, 2025 02:35:31";"12";""
"Sun, Mar 2, 2025 02:36:30";"13";""
"Sun, Mar 2, 2025 02:40:55";"18";""
"Sun, Mar 2, 2025 02:44:46";"15";""
"Sun, Mar 2, 2025 02:44:51";"15";""
"Sun, Mar 2, 2025 02:44:52";"14";""
"Sun, Mar 2, 2025 02:45:59";"24";""
"Sun, Mar 2, 2025 02:51:38";"15";""
"Sun, Mar 2, 2025 02:57:45";"14";""
"Sun, Mar 2, 2025 02:58:14";"34";""
"Sun, Mar 2, 2025 02:58:15";"14";""
"Sun, Mar 2, 2025 03:00:26";"13";""
"Sun, Mar 2, 2025 03:17:03";"13";""
"Sun, Mar 2, 2025 03:23:28";"18";""
"Sun, Mar 2, 2025 03:24:19";"12";""
"Sun, Mar 2, 2025 03:30:15";"15";""
"Sun, Mar 2, 2025 03:31:24";"13";""
"Sun, Mar 2, 2025 03:34:24";"19";""
"Sun, Mar 2, 2025 03:42:34";"12";""
"Sun, Mar 2, 2025 03:44:08";"10";""
"Sun, Mar 2, 2025 03:45:04";"15";""
"Sun, Mar 2, 2025 04:02:03";"15";""
"Sun, Mar 2, 2025 04:14:13";"19";""
"Sun, Mar 2, 2025 04:25:46";"16";""
"Sun, Mar 2, 2025 04:25:54";"13";""
"Sun, Mar 2, 2025 04:38:47";"14";""
"Sun, Mar 2, 2025 04:39:26";"18";""
"Sun, Mar 2, 2025 04:42:40";"8";""
"Sun, Mar 2, 2025 04:42:52";"15";""
"Sun, Mar 2, 2025 04:50:43";"13";""
"Sun, Mar 2, 2025 04:52:51";"14";""
"Sun, Mar 2, 2025 05:03:07";"12";""
"Sun, Mar 2, 2025 05:03:10";"13";""
"Sun, Mar 2, 2025 05:14:09";"14";""
"Sun, Mar 2, 2025 05:32:03";"14";""
"Sun, Mar 2, 2025 05:39:51";"14";""
"Sun, Mar 2, 2025 05:42:03";"29";""
"Sun, Mar 2, 2025 05:45:57";"16";""
"Sun, Mar 2, 2025 06:02:03";"16";""
"Sun, Mar 2, 2025 06:05:15";"13";""
"Sun, Mar 2, 2025 06:07:19";"18";""
"Sun, Mar 2, 2025 06:20:53";"19";""
"Sun, Mar 2, 2025 06:22:00";"11";""
"Sun, Mar 2, 2025 06:26:29";"13";""
"Sun, Mar 2, 2025 06:28:26";"10";""
"Sun, Mar 2, 2025 06:28:58";"17";""
"Sun, Mar 2, 2025 06:33:10";"9";""
"Sun, Mar 2, 2025 06:36:30";"21";""
"Sun, Mar 2, 2025 06:37:26";"20";""
"Sun, Mar 2, 2025 06:40:07";"17";""
"Sun, Mar 2, 2025 06:41:34";"13";""
"Sun, Mar 2, 2025 06:42:13";"17";""
"Sun, Mar 2, 2025 06:42:37";"15";""
"Sun, Mar 2, 2025 06:42:40";"17";""
"Sun, Mar 2, 2025 06:44:27";"19";""
"Sun, Mar 2, 2025 06:44:47";"18";""
"Sun, Mar 2, 2025 06:47:43";"12";""
"Sun, Mar 2, 2025 06:50:18";"12";""
"Sun, Mar 2, 2025 06:50:21";"14";""
"Sun, Mar 2, 2025 06:51:42";"14";""
"Sun, Mar 2, 2025 06:56:26";"13";""
"Sun, Mar 2, 2025 07:07:57";"17";""
"Sun, Mar 2, 2025 07:11:12";"18";""
"Sun, Mar 2, 2025 07:11:47";"11";""
"Sun, Mar 2, 2025 07:12:09";"13";""
"Sun, Mar 2, 2025 07:12:49";"20";""
"Sun, Mar 2, 2025 07:14:18";"16";""
"Sun, Mar 2, 2025 07:15:08";"16";""
"Sun, Mar 2, 2025 07:15:44";"22";""
"Sun, Mar 2, 2025 07:15:54";"17";""
"Sun, Mar 2, 2025 07:16:55";"17";""
"Sun, Mar 2, 2025 07:17:09";"16";""
"Sun, Mar 2, 2025 07:22:22";"16";""
"Sun, Mar 2, 2025 07:23:15";"15";""
"Sun, Mar 2, 2025 07:24:52";"16";""
"Sun, Mar 2, 2025 07:25:36";"14";""
"Sun, Mar 2, 2025 07:25:39";"14";""
"Sun, Mar 2, 2025 07:30:10";"19";""
"Sun, Mar 2, 2025 07:30:11";"18";""
"Sun, Mar 2, 2025 07:31:30";"16";""
"Sun, Mar 2, 2025 07:31:36";"13";""
"Sun, Mar 2, 2025 07:32:06";"16";""
"Sun, Mar 2, 2025 07:32:43";"16";""
"Sun, Mar 2, 2025 07:32:50";"21";""
"Sun, Mar 2, 2025 07:35:34";"14";""
"Sun, Mar 2, 2025 07:38:17";"18";""
"Sun, Mar 2, 2025 07:38:41";"12";""
"Sun, Mar 2, 2025 07:40:00";"16";""
"Sun, Mar 2, 2025 07:40:47";"22";""
"Sun, Mar 2, 2025 07:40:57";"14";""
"Sun, Mar 2, 2025 07:41:29";"13";""
"Sun, Mar 2, 2025 07:44:47";"21";""
"Sun, Mar 2, 2025 07:46:10";"16";""
"Sun, Mar 2, 2025 07:46:17";"16";""
"Sun, Mar 2, 2025 07:48:53";"16";""
"Sun, Mar 2, 2025 07:49:53";"12";""
"Sun, Mar 2, 2025 07:50:02";"22";""
"Sun, Mar 2, 2025 07:52:36";"16";""
"Sun, Mar 2, 2025 07:52:50";"16";""
"Sun, Mar 2, 2025 07:55:35";"14";""
"Sun, Mar 2, 2025 07:55:46";"21";""
"Sun, Mar 2, 2025 07:56:30";"14";""
"Sun, Mar 2, 2025 07:57:01";"9";""
"Sun, Mar 2, 2025 07:58:10";"16";""
"Sun, Mar 2, 2025 07:58:23";"14";""
"Sun, Mar 2, 2025 07:58:50";"11";""
"Sun, Mar 2, 2025 07:59:33";"16";""
"Sun, Mar 2, 2025 08:02:13";"16";""
"Sun, Mar 2, 2025 08:07:32";"19";""
"Sun, Mar 2, 2025 08:09:13";"17";""
"Sun, Mar 2, 2025 08:09:57";"21";""
"Sun, Mar 2, 2025 08:10:19";"17";""
"Sun, Mar 2, 2025 08:12:19";"16";""
"Sun, Mar 2, 2025 08:12:53";"18";""
"Sun, Mar 2, 2025 08:12:54";"20";""
"Sun, Mar 2, 2025 08:13:07";"14";""
"Sun, Mar 2, 2025 08:14:14";"16";""
"Sun, Mar 2, 2025 08:14:17";"16";""
"Sun, Mar 2, 2025 08:18:27";"9";""
"Sun, Mar 2, 2025 08:18:43";"20";""
"Sun, Mar 2, 2025 08:20:24";"16";""
"Sun, Mar 2, 2025 08:20:38";"19";""
"Sun, Mar 2, 2025 08:20:49";"21";""
"Sun, Mar 2, 2025 08:20:54";"18";""
"Sun, Mar 2, 2025 08:21:15";"16";""
"Sun, Mar 2, 2025 08:23:28";"18";""
"Sun, Mar 2, 2025 08:23:33";"13";""
"Sun, Mar 2, 2025 08:24:42";"17";""
"Sun, Mar 2, 2025 08:24:47";"16";""
"Sun, Mar 2, 2025 08:25:57";"16";""
"Sun, Mar 2, 2025 08:25:59";"21";""
"Sun, Mar 2, 2025 08:26:18";"17";""
"Sun, Mar 2, 2025 08:27:40";"16";""
"Sun, Mar 2, 2025 08:27:58";"18";""
"Sun, Mar 2, 2025 08:28:11";"14";""
"Sun, Mar 2, 2025 08:29:11";"17";""
"Sun, Mar 2, 2025 08:29:24";"13";""
"Sun, Mar 2, 2025 08:29:33";"11";""
"Sun, Mar 2, 2025 08:29:57";"18";""
"Sun, Mar 2, 2025 08:31:34";"18";""
"Sun, Mar 2, 2025 08:31:39";"14";""
"Sun, Mar 2, 2025 08:32:29";"14";""
"Sun, Mar 2, 2025 08:32:55";"13";""
"Sun, Mar 2, 2025 08:32:56";"14";""
"Sun, Mar 2, 2025 08:33:00";"14";""
"Sun, Mar 2, 2025 08:33:03";"21";""
"Sun, Mar 2, 2025 08:33:13";"21";""
"Sun, Mar 2, 2025 08:34:12";"17";""
"Sun, Mar 2, 2025 08:34:16";"13";""
"Sun, Mar 2, 2025 08:34:18";"14";""
"Sun, Mar 2, 2025 08:36:02";"16";""
"Sun, Mar 2, 2025 08:37:34";"15";""
"Sun, Mar 2, 2025 08:40:16";"16";""
"Sun, Mar 2, 2025 08:40:48";"21";""
"Sun, Mar 2, 2025 08:42:19";"16";""
"Sun, Mar 2, 2025 08:42:25";"13";""
"Sun, Mar 2, 2025 08:42:46";"22";""
"Sun, Mar 2, 2025 08:42:49";"10";""
"Sun, Mar 2, 2025 08:43:29";"16";""
"Sun, Mar 2, 2025 08:43:33";"16";""
"Sun, Mar 2, 2025 08:44:07";"15";""
"Sun, Mar 2, 2025 08:44:24";"16";""
"Sun, Mar 2, 2025 08:44:33";"16";""
"Sun, Mar 2, 2025 08:44:34";"16";""
"Sun, Mar 2, 2025 08:44:55";"18";""
"Sun, Mar 2, 2025 08:45:38";"16";""
"Sun, Mar 2, 2025 08:45:49";"18";""
"Sun, Mar 2, 2025 08:45:49";"16";""
"Sun, Mar 2, 2025 08:46:02";"16";""
"Sun, Mar 2, 2025 08:46:09";"13";""
"Sun, Mar 2, 2025 08:46:11";"18";""
"Sun, Mar 2, 2025 08:47:01";"14";""
"Sun, Mar 2, 2025 08:47:36";"18";""
"Sun, Mar 2, 2025 08:48:42";"18";""
"Sun, Mar 2, 2025 08:49:03";"16";""
"Sun, Mar 2, 2025 08:49:14";"3";""
"Sun, Mar 2, 2025 08:50:00";"14";""
"Sun, Mar 2, 2025 08:50:10";"18";""
"Sun, Mar 2, 2025 08:50:21";"18";""
"Sun, Mar 2, 2025 08:50:47";"20";""
"Sun, Mar 2, 2025 08:51:34";"14";""
"Sun, Mar 2, 2025 08:52:16";"14";""
"Sun, Mar 2, 2025 08:52:54";"17";""
"Sun, Mar 2, 2025 08:52:54";"16";""
"Sun, Mar 2, 2025 08:53:44";"13";""
"Sun, Mar 2, 2025 08:53:45";"13";""
"Sun, Mar 2, 2025 08:53:58";"19";""
"Sun, Mar 2, 2025 08:54:11";"18";""
"Sun, Mar 2, 2025 08:54:21";"15";""
"Sun, Mar 2, 2025 08:54:39";"27";""
"Sun, Mar 2, 2025 08:54:41";"22";""
"Sun, Mar 2, 2025 08:54:58";"21";""
"Sun, Mar 2, 2025 08:55:47";"13";""
"Sun, Mar 2, 2025 08:56:13";"17";""
"Sun, Mar 2, 2025 08:56:53";"14";""
"Sun, Mar 2, 2025 08:58:14";"19";""
"Sun, Mar 2, 2025 08:58:22";"25";""
"Sun, Mar 2, 2025 08:58:36";"11";""
"Sun, Mar 2, 2025 08:58:57";"18";""
"Sun, Mar 2, 2025 08:59:42";"21";""
"Sun, Mar 2, 2025 08:59:51";"17";""
"Sun, Mar 2, 2025 08:59:53";"18";""
"Sun, Mar 2, 2025 08:59:57";"18";""
"Sun, Mar 2, 2025 09:00:09";"18";""
"Sun, Mar 2, 2025 09:00:47";"18";""
"Sun, Mar 2, 2025 09:00:55";"14";""
"Sun, Mar 2, 2025 09:01:38";"22";""
"Sun, Mar 2, 2025 09:01:52";"19";""
"Sun, Mar 2, 2025 09:02:17";"16";""
"Sun, Mar 2, 2025 09:03:37";"16";""
"Sun, Mar 2, 2025 09:04:00";"13";""
"Sun, Mar 2, 2025 09:04:18";"14";""
"Sun, Mar 2, 2025 09:04:20";"14";""
"Sun, Mar 2, 2025 09:04:33";"10";""
"Sun, Mar 2, 2025 09:04:46";"21";""
"Sun, Mar 2, 2025 09:04:55";"19";""
"Sun, Mar 2, 2025 09:05:44";"21";""
"Sun, Mar 2, 2025 09:06:11";"21";""
"Sun, Mar 2, 2025 09:06:42";"17";""
"Sun, Mar 2, 2025 09:06:49";"16";""
"Sun, Mar 2, 2025 09:06:49";"16";""
"Sun, Mar 2, 2025 09:07:36";"19";""
"Sun, Mar 2, 2025 09:07:37";"18";""
"Sun, Mar 2, 2025 09:08:17";"13";""
"Sun, Mar 2, 2025 09:08:17";"18";""
"Sun, Mar 2, 2025 09:10:16";"16";""
"Sun, Mar 2, 2025 09:10:54";"17";""
"Sun, Mar 2, 2025 09:11:06";"14";""
"Sun, Mar 2, 2025 09:11:40";"13";""
"Sun, Mar 2, 2025 09:11:43";"17";""
"Sun, Mar 2, 2025 09:11:56";"18";""
"Sun, Mar 2, 2025 09:12:11";"13";""
"Sun, Mar 2, 2025 09:12:48";"16";""
"Sun, Mar 2, 2025 09:13:01";"16";""
"Sun, Mar 2, 2025 09:13:02";"18";""
"Sun, Mar 2, 2025 09:13:20";"15";""
"Sun, Mar 2, 2025 09:14:08";"18";""
"Sun, Mar 2, 2025 09:14:08";"27";""
"Sun, Mar 2, 2025 09:14:40";"11";""
"Sun, Mar 2, 2025 09:15:19";"15";""
"Sun, Mar 2, 2025 09:16:25";"16";""
"Sun, Mar 2, 2025 09:16:42";"11";""
"Sun, Mar 2, 2025 09:16:49";"22";""
"Sun, Mar 2, 2025 09:16:51";"20";""
"Sun, Mar 2, 2025 09:16:55";"20";""
"Sun, Mar 2, 2025 09:17:09";"16";""
"Sun, Mar 2, 2025 09:17:10";"16";""
"Sun, Mar 2, 2025 09:17:30";"18";""
"Sun, Mar 2, 2025 09:18:08";"20";""
"Sun, Mar 2, 2025 09:18:21";"13";""
"Sun, Mar 2, 2025 09:18:51";"18";""
"Sun, Mar 2, 2025 09:18:59";"13";""
"Sun, Mar 2, 2025 09:19:43";"16";""
"Sun, Mar 2, 2025 09:19:44";"15";""
"Sun, Mar 2, 2025 09:20:00";"16";""
"Sun, Mar 2, 2025 09:20:19";"21";""
"Sun, Mar 2, 2025 09:20:52";"18";""
"Sun, Mar 2, 2025 09:20:53";"15";""
"Sun, Mar 2, 2025 09:20:59";"18";""
"Sun, Mar 2, 2025 09:22:17";"13";""
"Sun, Mar 2, 2025 09:23:00";"15";""
"Sun, Mar 2, 2025 09:23:06";"16";""
"Sun, Mar 2, 2025 09:23:34";"17";""
"Sun, Mar 2, 2025 09:23:36";"17";""
"Sun, Mar 2, 2025 09:23:48";"16";""
"Sun, Mar 2, 2025 09:24:29";"15";""
"Sun, Mar 2, 2025 09:24:58";"17";""
"Sun, Mar 2, 2025 09:25:08";"10";""
"Sun, Mar 2, 2025 09:26:00";"21";""
"Sun, Mar 2, 2025 09:26:07";"13";""
"Sun, Mar 2, 2025 09:26:54";"14";""
"Sun, Mar 2, 2025 09:27:26";"13";""
"Sun, Mar 2, 2025 09:27:40";"14";""
"Sun, Mar 2, 2025 09:27:45";"17";""
"Sun, Mar 2, 2025 09:28:50";"21";""
"Sun, Mar 2, 2025 09:28:56";"18";""
"Sun, Mar 2, 2025 09:29:06";"11";""
"Sun, Mar 2, 2025 09:29:23";"13";""
"Sun, Mar 2, 2025 09:29:24";"20";""
"Sun, Mar 2, 2025 09:29:45";"17";""
"Sun, Mar 2, 2025 09:30:11";"18";""
"Sun, Mar 2, 2025 09:30:16";"22";""
"Sun, Mar 2, 2025 09:30:17";"17";""
"Sun, Mar 2, 2025 09:30:19";"16";""
"Sun, Mar 2, 2025 09:30:46";"18";""
"Sun, Mar 2, 2025 09:30:48";"20";""
"Sun, Mar 2, 2025 09:30:49";"18";""
"Sun, Mar 2, 2025 09:30:55";"16";""
"Sun, Mar 2, 2025 09:30:58";"16";""
"Sun, Mar 2, 2025 09:31:32";"14";""
"Sun, Mar 2, 2025 09:31:44";"14";""
"Sun, Mar 2, 2025 09:32:37";"18";""
"Sun, Mar 2, 2025 09:33:04";"19";""
"Sun, Mar 2, 2025 09:33:15";"15";""
"Sun, Mar 2, 2025 09:33:17";"14";""
"Sun, Mar 2, 2025 09:33:18";"16";""
"Sun, Mar 2, 2025 09:33:26";"20";""
"Sun, Mar 2, 2025 09:33:40";"20";""
"Sun, Mar 2, 2025 09:34:09";"18";""
"Sun, Mar 2, 2025 09:34:39";"21";""
"Sun, Mar 2, 2025 09:34:45";"24";""
"Sun, Mar 2, 2025 09:34:47";"18";""
"Sun, Mar 2, 2025 09:34:57";"13";""
"Sun, Mar 2, 2025 09:35:54";"20";""
"Sun, Mar 2, 2025 09:35:56";"14";""
"Sun, Mar 2, 2025 09:36:48";"24";""
"Sun, Mar 2, 2025 09:36:52";"21";""
"Sun, Mar 2, 2025 09:36:58";"22";""
"Sun, Mar 2, 2025 09:37:00";"17";""
"Sun, Mar 2, 2025 09:37:01";"18";""
"Sun, Mar 2, 2025 09:37:12";"8";""
"Sun, Mar 2, 2025 09:37:15";"12";""
"Sun, Mar 2, 2025 09:37:16";"13";""
"Sun, Mar 2, 2025 09:37:18";"15";""
"Sun, Mar 2, 2025 09:38:14";"17";""
"Sun, Mar 2, 2025 09:38:18";"17";""
"Sun, Mar 2, 2025 09:38:20";"15";""
"Sun, Mar 2, 2025 09:39:27";"21";""
"Sun, Mar 2, 2025 09:39:28";"19";""
"Sun, Mar 2, 2025 09:39:41";"14";""
"Sun, Mar 2, 2025 09:39:53";"20";""
"Sun, Mar 2, 2025 09:40:55";"13";""
"Sun, Mar 2, 2025 09:40:56";"14";""
"Sun, Mar 2, 2025 09:41:24";"16";""
"Sun, Mar 2, 2025 09:41:44";"13";""
"Sun, Mar 2, 2025 09:41:54";"14";""
"Sun, Mar 2, 2025 09:42:23";"22";""
"Sun, Mar 2, 2025 09:42:29";"19";""
"Sun, Mar 2, 2025 09:43:05";"15";""
"Sun, Mar 2, 2025 09:43:26";"21";""
"Sun, Mar 2, 2025 09:43:28";"20";""
"Sun, Mar 2, 2025 09:43:30";"20";""
"Sun, Mar 2, 2025 09:43:37";"13";""
"Sun, Mar 2, 2025 09:43:43";"12";""
"Sun, Mar 2, 2025 09:43:44";"11";""
"Sun, Mar 2, 2025 09:43:45";"11";""
"Sun, Mar 2, 2025 09:43:47";"13";""
"Sun, Mar 2, 2025 09:43:59";"12";""
"Sun, Mar 2, 2025 09:44:00";"14";""
"Sun, Mar 2, 2025 09:44:00";"13";""
"Sun, Mar 2, 2025 09:44:01";"13";""
"Sun, Mar 2, 2025 09:44:08";"13";""
"Sun, Mar 2, 2025 09:44:09";"14";""
"Sun, Mar 2, 2025 09:44:52";"21";""
"Sun, Mar 2, 2025 09:44:56";"17";""
"Sun, Mar 2, 2025 09:44:57";"13";""
"Sun, Mar 2, 2025 09:44:58";"18";""
"Sun, Mar 2, 2025 09:45:07";"16";""
"Sun, Mar 2, 2025 09:45:46";"19";""
"Sun, Mar 2, 2025 09:46:07";"29";""
"Sun, Mar 2, 2025 09:46:08";"20";""
"Sun, Mar 2, 2025 09:46:10";"19";""
"Sun, Mar 2, 2025 09:46:11";"20";""
"Sun, Mar 2, 2025 09:46:13";"17";""
"Sun, Mar 2, 2025 09:46:16";"18";""
"Sun, Mar 2, 2025 09:46:18";"15";""
"Sun, Mar 2, 2025 09:47:39";"15";""
"Sun, Mar 2, 2025 09:47:44";"12";""
"Sun, Mar 2, 2025 09:47:45";"13";""
"Sun, Mar 2, 2025 09:48:15";"11";""
"Sun, Mar 2, 2025 09:48:24";"13";""
"Sun, Mar 2, 2025 09:48:28";"18";""
"Sun, Mar 2, 2025 09:48:43";"16";""
"Sun, Mar 2, 2025 09:48:44";"14";""
"Sun, Mar 2, 2025 09:48:52";"22";""
"Sun, Mar 2, 2025 09:48:56";"18";""
"Sun, Mar 2, 2025 09:48:57";"18";""
"Sun, Mar 2, 2025 09:48:58";"17";""
"Sun, Mar 2, 2025 09:49:03";"21";""
"Sun, Mar 2, 2025 09:49:22";"15";""
"Sun, Mar 2, 2025 09:49:35";"15";""
"Sun, Mar 2, 2025 09:49:41";"13";""
"Sun, Mar 2, 2025 09:50:07";"16";""
"Sun, Mar 2, 2025 09:50:19";"17";""
"Sun, Mar 2, 2025 09:50:30";"20";""
"Sun, Mar 2, 2025 09:50:36";"21";""
"Sun, Mar 2, 2025 09:50:36";"18";""
"Sun, Mar 2, 2025 09:50:39";"19";""
"Sun, Mar 2, 2025 09:50:40";"15";""
"Sun, Mar 2, 2025 09:51:01";"13";""
"Sun, Mar 2, 2025 09:51:29";"16";""
"Sun, Mar 2, 2025 09:51:34";"16";""
"Sun, Mar 2, 2025 09:51:54";"16";""
"Sun, Mar 2, 2025 09:51:55";"16";""
"Sun, Mar 2, 2025 09:52:39";"22";""
"Sun, Mar 2, 2025 09:53:03";"14";""
"Sun, Mar 2, 2025 09:53:05";"13";""
"Sun, Mar 2, 2025 09:53:05";"16";""
"Sun, Mar 2, 2025 09:53:29";"18";""
"Sun, Mar 2, 2025 09:53:30";"22";""
"Sun, Mar 2, 2025 09:53:35";"16";""
"Sun, Mar 2, 2025 09:54:04";"14";""
"Sun, Mar 2, 2025 09:54:04";"16";""
"Sun, Mar 2, 2025 09:54:16";"16";""
"Sun, Mar 2, 2025 09:54:30";"15";""
"Sun, Mar 2, 2025 09:54:58";"15";""
"Sun, Mar 2, 2025 09:55:15";"13";""
"Sun, Mar 2, 2025 09:55:15";"13";""
"Sun, Mar 2, 2025 09:55:26";"19";""
"Sun, Mar 2, 2025 09:55:34";"20";""
"Sun, Mar 2, 2025 09:56:02";"16";""
"Sun, Mar 2, 2025 09:56:03";"17";""
"Sun, Mar 2, 2025 09:56:11";"17";""
"Sun, Mar 2, 2025 09:56:12";"20";""
"Sun, Mar 2, 2025 09:56:51";"21";""
"Sun, Mar 2, 2025 09:56:54";"16";""
"Sun, Mar 2, 2025 09:56:59";"14";""
"Sun, Mar 2, 2025 09:57:36";"22";""
"Sun, Mar 2, 2025 09:57:54";"18";""
"Sun, Mar 2, 2025 09:58:05";"14";""
"Sun, Mar 2, 2025 09:58:15";"22";""
"Sun, Mar 2, 2025 09:58:15";"18";""
"Sun, Mar 2, 2025 09:58:18";"16";""
"Sun, Mar 2, 2025 09:58:20";"14";""
"Sun, Mar 2, 2025 09:58:33";"17";""
"Sun, Mar 2, 2025 09:58:42";"20";""
"Sun, Mar 2, 2025 09:58:47";"18";""
"Sun, Mar 2, 2025 09:58:48";"18";""
"Sun, Mar 2, 2025 09:59:25";"17";""
"Sun, Mar 2, 2025 09:59:40";"14";""
"Sun, Mar 2, 2025 09:59:51";"20";""
"Sun, Mar 2, 2025 10:00:05";"17";""
"Sun, Mar 2, 2025 10:00:32";"14";""
"Sun, Mar 2, 2025 10:00:54";"19";""
"Sun, Mar 2, 2025 10:00:58";"17";""
"Sun, Mar 2, 2025 10:00:59";"21";""
"Sun, Mar 2, 2025 10:01:03";"14";""
"Sun, Mar 2, 2025 10:01:37";"14";""
"Sun, Mar 2, 2025 10:02:12";"19";""
"Sun, Mar 2, 2025 10:02:16";"16";""
"Sun, Mar 2, 2025 10:02:16";"13";""
"Sun, Mar 2, 2025 10:02:19";"14";""
"Sun, Mar 2, 2025 10:02:23";"19";""
"Sun, Mar 2, 2025 10:02:32";"18";""
"Sun, Mar 2, 2025 10:03:24";"21";""
"Sun, Mar 2, 2025 10:03:30";"17";""
"Sun, Mar 2, 2025 10:03:32";"20";""
"Sun, Mar 2, 2025 10:03:37";"16";""
"Sun, Mar 2, 2025 10:04:27";"11";""
"Sun, Mar 2, 2025 10:04:33";"18";""
"Sun, Mar 2, 2025 10:04:41";"14";""
"Sun, Mar 2, 2025 10:04:45";"17";""
"Sun, Mar 2, 2025 10:04:54";"18";""
"Sun, Mar 2, 2025 10:05:00";"16";""
"Sun, Mar 2, 2025 10:05:15";"24";""
"Sun, Mar 2, 2025 10:05:31";"13";""
"Sun, Mar 2, 2025 10:05:37";"18";""
"Sun, Mar 2, 2025 10:05:38";"20";""
"Sun, Mar 2, 2025 10:06:07";"19";""
"Sun, Mar 2, 2025 10:06:15";"16";""
"Sun, Mar 2, 2025 10:06:55";"15";""
"Sun, Mar 2, 2025 10:06:58";"17";""
"Sun, Mar 2, 2025 10:07:36";"16";""
"Sun, Mar 2, 2025 10:07:36";"14";""
"Sun, Mar 2, 2025 10:08:17";"18";""
"Sun, Mar 2, 2025 10:08:50";"17";""
"Sun, Mar 2, 2025 10:09:13";"16";""
"Sun, Mar 2, 2025 10:10:10";"21";""
"Sun, Mar 2, 2025 10:10:10";"17";""
"Sun, Mar 2, 2025 10:10:13";"16";""
"Sun, Mar 2, 2025 10:10:19";"19";""
"Sun, Mar 2, 2025 10:10:22";"19";""
"Sun, Mar 2, 2025 10:10:29";"14";""
"Sun, Mar 2, 2025 10:10:41";"18";""
"Sun, Mar 2, 2025 10:10:50";"16";""
"Sun, Mar 2, 2025 10:10:52";"19";""
"Sun, Mar 2, 2025 10:11:35";"18";""
"Sun, Mar 2, 2025 10:11:37";"22";""
"Sun, Mar 2, 2025 10:11:40";"15";""
"Sun, Mar 2, 2025 10:11:41";"15";""
"Sun, Mar 2, 2025 10:11:42";"17";""
"Sun, Mar 2, 2025 10:11:47";"9";""
"Sun, Mar 2, 2025 10:11:58";"16";""
"Sun, Mar 2, 2025 10:12:00";"14";""
"Sun, Mar 2, 2025 10:12:17";"13";""
"Sun, Mar 2, 2025 10:12:18";"14";""
"Sun, Mar 2, 2025 10:12:26";"15";""
"Sun, Mar 2, 2025 10:12:42";"18";""
"Sun, Mar 2, 2025 10:12:52";"21";""
"Sun, Mar 2, 2025 10:12:56";"16";""
"Sun, Mar 2, 2025 10:12:57";"14";""
"Sun, Mar 2, 2025 10:13:42";"13";""
"Sun, Mar 2, 2025 10:13:45";"14";""
"Sun, Mar 2, 2025 10:13:56";"12";""
"Sun, Mar 2, 2025 10:14:16";"16";""
"Sun, Mar 2, 2025 10:14:20";"13";""
"Sun, Mar 2, 2025 10:14:44";"10";""
"Sun, Mar 2, 2025 10:14:49";"13";""
"Sun, Mar 2, 2025 10:15:27";"20";""
"Sun, Mar 2, 2025 10:15:36";"16";""
"Sun, Mar 2, 2025 10:15:37";"15";""
"Sun, Mar 2, 2025 10:15:38";"18";""
"Sun, Mar 2, 2025 10:15:47";"18";""
"Sun, Mar 2, 2025 10:15:53";"16";""
"Sun, Mar 2, 2025 10:16:10";"21";""
"Sun, Mar 2, 2025 10:16:39";"19";""
"Sun, Mar 2, 2025 10:17:02";"12";""
"Sun, Mar 2, 2025 10:17:11";"20";""
"Sun, Mar 2, 2025 10:17:11";"12";""
"Sun, Mar 2, 2025 10:17:13";"13";""
"Sun, Mar 2, 2025 10:17:27";"19";""
"Sun, Mar 2, 2025 10:17:52";"18";""
"Sun, Mar 2, 2025 10:17:56";"12";""
"Sun, Mar 2, 2025 10:18:13";"18";""
"Sun, Mar 2, 2025 10:18:18";"14";""
"Sun, Mar 2, 2025 10:18:18";"24";""
"Sun, Mar 2, 2025 10:18:28";"10";""
"Sun, Mar 2, 2025 10:18:31";"11";""
"Sun, Mar 2, 2025 10:18:44";"18";""
"Sun, Mar 2, 2025 10:18:48";"18";""
"Sun, Mar 2, 2025 10:19:36";"19";""
"Sun, Mar 2, 2025 10:19:43";"13";""
"Sun, Mar 2, 2025 10:19:43";"19";""
"Sun, Mar 2, 2025 10:19:57";"18";""
"Sun, Mar 2, 2025 10:20:01";"14";""
"Sun, Mar 2, 2025 10:20:08";"21";""
"Sun, Mar 2, 2025 10:20:23";"16";""
"Sun, Mar 2, 2025 10:20:47";"24";""
"Sun, Mar 2, 2025 10:20:49";"22";""
"Sun, Mar 2, 2025 10:20:52";"17";""
"Sun, Mar 2, 2025 10:20:59";"12";""
"Sun, Mar 2, 2025 10:21:00";"22";""
"Sun, Mar 2, 2025 10:21:05";"16";""
"Sun, Mar 2, 2025 10:21:15";"19";""
"Sun, Mar 2, 2025 10:21:20";"17";""
"Sun, Mar 2, 2025 10:22:10";"20";""
"Sun, Mar 2, 2025 10:22:30";"16";""
"Sun, Mar 2, 2025 10:22:44";"10";""
"Sun, Mar 2, 2025 10:23:07";"20";""
"Sun, Mar 2, 2025 10:23:31";"18";""
"Sun, Mar 2, 2025 10:23:59";"15";""
"Sun, Mar 2, 2025 10:24:12";"4";""
"Sun, Mar 2, 2025 10:24:23";"18";""
"Sun, Mar 2, 2025 10:24:29";"20";""
"Sun, Mar 2, 2025 10:24:57";"18";""
"Sun, Mar 2, 2025 10:25:16";"17";""
"Sun, Mar 2, 2025 10:25:21";"12";""
"Sun, Mar 2, 2025 10:25:57";"16";""
"Sun, Mar 2, 2025 10:26:19";"16";""
"Sun, Mar 2, 2025 10:26:27";"18";""
"Sun, Mar 2, 2025 10:26:29";"12";""
"Sun, Mar 2, 2025 10:26:36";"21";""
"Sun, Mar 2, 2025 10:26:42";"19";""
"Sun, Mar 2, 2025 10:26:48";"20";""
"Sun, Mar 2, 2025 10:27:49";"24";""
"Sun, Mar 2, 2025 10:27:51";"16";""
"Sun, Mar 2, 2025 10:28:36";"12";""
"Sun, Mar 2, 2025 10:28:36";"13";""
"Sun, Mar 2, 2025 10:28:46";"21";""
"Sun, Mar 2, 2025 10:28:54";"16";""
"Sun, Mar 2, 2025 10:28:58";"16";""
"Sun, Mar 2, 2025 10:29:10";"18";""
"Sun, Mar 2, 2025 10:29:33";"8";""
"Sun, Mar 2, 2025 10:29:42";"20";""
"Sun, Mar 2, 2025 10:30:04";"18";""
"Sun, Mar 2, 2025 10:30:07";"18";""
"Sun, Mar 2, 2025 10:30:12";"19";""
"Sun, Mar 2, 2025 10:30:19";"16";""
"Sun, Mar 2, 2025 10:30:22";"14";""
"Sun, Mar 2, 2025 10:31:47";"16";""
"Sun, Mar 2, 2025 10:32:07";"16";""
"Sun, Mar 2, 2025 10:32:29";"24";""
"Sun, Mar 2, 2025 10:32:31";"13";""
"Sun, Mar 2, 2025 10:32:31";"12";""
"Sun, Mar 2, 2025 10:32:53";"16";""
"Sun, Mar 2, 2025 10:32:56";"14";""
"Sun, Mar 2, 2025 10:32:58";"14";""
"Sun, Mar 2, 2025 10:33:08";"12";""
"Sun, Mar 2, 2025 10:33:52";"17";""
"Sun, Mar 2, 2025 10:34:06";"21";""
"Sun, Mar 2, 2025 10:34:10";"20";""
"Sun, Mar 2, 2025 10:34:12";"20";""
"Sun, Mar 2, 2025 10:34:13";"24";""
"Sun, Mar 2, 2025 10:34:15";"16";""
"Sun, Mar 2, 2025 10:34:55";"15";""
"Sun, Mar 2, 2025 10:35:38";"19";""
"Sun, Mar 2, 2025 10:35:40";"14";""
"Sun, Mar 2, 2025 10:35:58";"20";""
"Sun, Mar 2, 2025 10:36:10";"14";""
"Sun, Mar 2, 2025 10:36:22";"12";""
"Sun, Mar 2, 2025 10:36:30";"20";""
"Sun, Mar 2, 2025 10:36:44";"19";""
"Sun, Mar 2, 2025 10:36:51";"19";""
"Sun, Mar 2, 2025 10:36:59";"14";""
"Sun, Mar 2, 2025 10:37:01";"14";""
"Sun, Mar 2, 2025 10:37:04";"14";""
"Sun, Mar 2, 2025 10:37:09";"13";""
"Sun, Mar 2, 2025 10:37:17";"18";""
"Sun, Mar 2, 2025 10:37:20";"16";""
"Sun, Mar 2, 2025 10:38:14";"21";""
"Sun, Mar 2, 2025 10:38:20";"18";""
"Sun, Mar 2, 2025 10:38:21";"16";""
"Sun, Mar 2, 2025 10:38:33";"16";""
"Sun, Mar 2, 2025 10:38:44";"13";""
"Sun, Mar 2, 2025 10:38:46";"14";""
"Sun, Mar 2, 2025 10:39:39";"18";""
"Sun, Mar 2, 2025 10:39:42";"12";""
"Sun, Mar 2, 2025 10:39:45";"15";""
"Sun, Mar 2, 2025 10:40:03";"24";""
"Sun, Mar 2, 2025 10:40:04";"15";""
"Sun, Mar 2, 2025 10:40:06";"13";""
"Sun, Mar 2, 2025 10:40:51";"17";""
"Sun, Mar 2, 2025 10:40:52";"25";""
"Sun, Mar 2, 2025 10:40:53";"17";""
"Sun, Mar 2, 2025 10:40:53";"21";""
"Sun, Mar 2, 2025 10:40:56";"18";""
"Sun, Mar 2, 2025 10:40:59";"17";""
"Sun, Mar 2, 2025 10:41:03";"13";""
"Sun, Mar 2, 2025 10:41:16";"11";""
"Sun, Mar 2, 2025 10:41:34";"21";""
"Sun, Mar 2, 2025 10:42:02";"16";""
"Sun, Mar 2, 2025 10:42:16";"16";""
"Sun, Mar 2, 2025 10:42:17";"17";""
"Sun, Mar 2, 2025 10:42:19";"14";""
"Sun, Mar 2, 2025 10:42:20";"17";""
"Sun, Mar 2, 2025 10:42:23";"13";""
"Sun, Mar 2, 2025 10:42:25";"15";""
"Sun, Mar 2, 2025 10:43:38";"15";""
"Sun, Mar 2, 2025 10:43:39";"16";""
"Sun, Mar 2, 2025 10:43:46";"13";""
"Sun, Mar 2, 2025 10:43:56";"18";""
"Sun, Mar 2, 2025 10:44:33";"15";""
"Sun, Mar 2, 2025 10:44:51";"17";""
"Sun, Mar 2, 2025 10:44:55";"18";""
"Sun, Mar 2, 2025 10:45:01";"13";""
"Sun, Mar 2, 2025 10:45:25";"16";""
"Sun, Mar 2, 2025 10:45:26";"18";""
"Sun, Mar 2, 2025 10:45:26";"17";""
"Sun, Mar 2, 2025 10:45:27";"19";""
"Sun, Mar 2, 2025 10:46:21";"18";""
"Sun, Mar 2, 2025 10:46:24";"22";""
"Sun, Mar 2, 2025 10:46:31";"21";""
"Sun, Mar 2, 2025 10:46:35";"18";""
"Sun, Mar 2, 2025 10:46:36";"18";""
"Sun, Mar 2, 2025 10:46:37";"18";""
"Sun, Mar 2, 2025 10:47:27";"15";""
"Sun, Mar 2, 2025 10:47:30";"18";""
"Sun, Mar 2, 2025 10:47:37";"18";""
"Sun, Mar 2, 2025 10:47:53";"34";""
"Sun, Mar 2, 2025 10:48:05";"14";""
"Sun, Mar 2, 2025 10:48:30";"19";""
"Sun, Mar 2, 2025 10:48:50";"16";""
"Sun, Mar 2, 2025 10:48:52";"17";""
"Sun, Mar 2, 2025 10:48:54";"20";""
"Sun, Mar 2, 2025 10:48:57";"16";""
"Sun, Mar 2, 2025 10:48:59";"16";""
"Sun, Mar 2, 2025 10:49:07";"15";""
"Sun, Mar 2, 2025 10:49:08";"17";""
"Sun, Mar 2, 2025 10:49:09";"16";""
"Sun, Mar 2, 2025 10:49:12";"8";""
"Sun, Mar 2, 2025 10:49:27";"12";""
"Sun, Mar 2, 2025 10:50:04";"16";""
"Sun, Mar 2, 2025 10:50:08";"21";""
"Sun, Mar 2, 2025 10:50:11";"22";""
"Sun, Mar 2, 2025 10:50:17";"17";""
"Sun, Mar 2, 2025 10:50:20";"17";""
"Sun, Mar 2, 2025 10:50:23";"20";""
"Sun, Mar 2, 2025 10:50:24";"16";""
"Sun, Mar 2, 2025 10:50:25";"14";""
"Sun, Mar 2, 2025 10:50:27";"13";""
"Sun, Mar 2, 2025 10:51:24";"16";""
"Sun, Mar 2, 2025 10:51:32";"21";""
"Sun, Mar 2, 2025 10:51:36";"14";""
"Sun, Mar 2, 2025 10:51:38";"13";""
"Sun, Mar 2, 2025 10:51:39";"25";""
"Sun, Mar 2, 2025 10:51:45";"20";""
"Sun, Mar 2, 2025 10:51:51";"16";""
"Sun, Mar 2, 2025 10:51:52";"18";""
"Sun, Mar 2, 2025 10:51:58";"18";""
"Sun, Mar 2, 2025 10:51:59";"12";""
"Sun, Mar 2, 2025 10:52:38";"22";""
"Sun, Mar 2, 2025 10:52:53";"18";""
"Sun, Mar 2, 2025 10:53:02";"13";""
"Sun, Mar 2, 2025 10:53:19";"17";""
"Sun, Mar 2, 2025 10:53:21";"16";""
"Sun, Mar 2, 2025 10:53:24";"18";""
"Sun, Mar 2, 2025 10:53:54";"25";""
"Sun, Mar 2, 2025 10:54:09";"18";""
"Sun, Mar 2, 2025 10:54:12";"18";""
"Sun, Mar 2, 2025 10:54:19";"8";""
"Sun, Mar 2, 2025 10:54:25";"18";""
"Sun, Mar 2, 2025 10:54:30";"13";""
"Sun, Mar 2, 2025 10:54:30";"12";""
"Sun, Mar 2, 2025 10:54:36";"21";""
"Sun, Mar 2, 2025 10:54:39";"19";""
"Sun, Mar 2, 2025 10:54:40";"18";""
"Sun, Mar 2, 2025 10:55:02";"16";""
"Sun, Mar 2, 2025 10:55:20";"14";""
"Sun, Mar 2, 2025 10:55:41";"14";""
"Sun, Mar 2, 2025 10:56:11";"15";""
"Sun, Mar 2, 2025 10:56:20";"15";""
"Sun, Mar 2, 2025 10:57:02";"20";""
"Sun, Mar 2, 2025 10:57:03";"13";""
"Sun, Mar 2, 2025 10:57:18";"16";""
"Sun, Mar 2, 2025 10:57:27";"17";""
"Sun, Mar 2, 2025 10:57:29";"14";""
"Sun, Mar 2, 2025 10:57:32";"17";""
"Sun, Mar 2, 2025 10:57:32";"14";""
"Sun, Mar 2, 2025 10:57:33";"18";""
"Sun, Mar 2, 2025 10:58:10";"15";""
"Sun, Mar 2, 2025 10:58:14";"24";""
"Sun, Mar 2, 2025 10:58:35";"18";""
"Sun, Mar 2, 2025 10:58:36";"18";""
"Sun, Mar 2, 2025 10:58:38";"10";""
"Sun, Mar 2, 2025 10:58:50";"14";""
"Sun, Mar 2, 2025 10:59:30";"22";""
"Sun, Mar 2, 2025 10:59:32";"19";""
"Sun, Mar 2, 2025 10:59:35";"16";""
"Sun, Mar 2, 2025 11:00:02";"16";""
"Sun, Mar 2, 2025 11:00:08";"13";""
"Sun, Mar 2, 2025 11:00:17";"13";""
"Sun, Mar 2, 2025 11:00:23";"12";""
"Sun, Mar 2, 2025 11:00:47";"18";""
"Sun, Mar 2, 2025 11:00:54";"18";""
"Sun, Mar 2, 2025 11:00:55";"18";""
"Sun, Mar 2, 2025 11:01:01";"16";""
"Sun, Mar 2, 2025 11:01:25";"22";""
"Sun, Mar 2, 2025 11:01:29";"16";""
"Sun, Mar 2, 2025 11:01:43";"17";""
"Sun, Mar 2, 2025 11:02:14";"17";""
"Sun, Mar 2, 2025 11:02:14";"21";""
"Sun, Mar 2, 2025 11:02:49";"18";""
"Sun, Mar 2, 2025 11:03:00";"17";""
"Sun, Mar 2, 2025 11:03:58";"21";""
"Sun, Mar 2, 2025 11:04:04";"18";""
"Sun, Mar 2, 2025 11:04:26";"19";""
"Sun, Mar 2, 2025 11:04:42";"20";""
"Sun, Mar 2, 2025 11:05:27";"14";""
"Sun, Mar 2, 2025 11:05:27";"19";""
"Sun, Mar 2, 2025 11:06:16";"14";""
"Sun, Mar 2, 2025 11:06:17";"15";""
"Sun, Mar 2, 2025 11:06:25";"20";""
"Sun, Mar 2, 2025 11:06:48";"13";""
"Sun, Mar 2, 2025 11:07:00";"13";""
"Sun, Mar 2, 2025 11:07:02";"19";""
"Sun, Mar 2, 2025 11:07:04";"12";""
"Sun, Mar 2, 2025 11:07:39";"12";""
"Sun, Mar 2, 2025 11:07:39";"12";""
"Sun, Mar 2, 2025 11:07:40";"13";""
"Sun, Mar 2, 2025 11:07:49";"14";""
"Sun, Mar 2, 2025 11:07:57";"19";""
"Sun, Mar 2, 2025 11:08:22";"20";""
"Sun, Mar 2, 2025 11:08:53";"19";""
"Sun, Mar 2, 2025 11:08:55";"18";""
"Sun, Mar 2, 2025 11:09:04";"16";""
"Sun, Mar 2, 2025 11:09:13";"14";""
"Sun, Mar 2, 2025 11:09:27";"21";""
"Sun, Mar 2, 2025 11:09:56";"17";""
"Sun, Mar 2, 2025 11:10:11";"24";""
"Sun, Mar 2, 2025 11:10:16";"16";""
"Sun, Mar 2, 2025 11:10:22";"12";""
"Sun, Mar 2, 2025 11:11:40";"14";""
"Sun, Mar 2, 2025 11:11:42";"15";""
"Sun, Mar 2, 2025 11:12:02";"20";""
"Sun, Mar 2, 2025 11:12:03";"16";""
"Sun, Mar 2, 2025 11:12:05";"13";""
"Sun, Mar 2, 2025 11:12:07";"13";""
"Sun, Mar 2, 2025 11:12:07";"13";""
"Sun, Mar 2, 2025 11:12:15";"13";""
"Sun, Mar 2, 2025 11:12:16";"16";""
"Sun, Mar 2, 2025 11:13:02";"12";""
"Sun, Mar 2, 2025 11:13:25";"19";""
"Sun, Mar 2, 2025 11:14:10";"19";""
"Sun, Mar 2, 2025 11:14:20";"18";""
"Sun, Mar 2, 2025 11:14:26";"14";""
"Sun, Mar 2, 2025 11:14:35";"17";""
"Sun, Mar 2, 2025 11:14:39";"14";""
"Sun, Mar 2, 2025 11:14:59";"18";""
"Sun, Mar 2, 2025 11:15:45";"18";""
"Sun, Mar 2, 2025 11:15:45";"18";""
"Sun, Mar 2, 2025 11:15:57";"16";""
"Sun, Mar 2, 2025 11:16:03";"16";""
"Sun, Mar 2, 2025 11:16:06";"15";""
"Sun, Mar 2, 2025 11:16:18";"14";""
"Sun, Mar 2, 2025 11:16:19";"15";""
"Sun, Mar 2, 2025 11:16:59";"13";""
"Sun, Mar 2, 2025 11:17:15";"15";""
"Sun, Mar 2, 2025 11:17:23";"18";""
"Sun, Mar 2, 2025 11:18:14";"18";""
"Sun, Mar 2, 2025 11:18:16";"17";""
"Sun, Mar 2, 2025 11:18:18";"21";""
"Sun, Mar 2, 2025 11:18:29";"10";""
"Sun, Mar 2, 2025 11:18:30";"9";""
"Sun, Mar 2, 2025 11:19:08";"13";""
"Sun, Mar 2, 2025 11:19:35";"16";""
"Sun, Mar 2, 2025 11:19:39";"15";""
"Sun, Mar 2, 2025 11:19:43";"13";""
"Sun, Mar 2, 2025 11:20:52";"21";""
"Sun, Mar 2, 2025 11:20:53";"15";""
"Sun, Mar 2, 2025 11:20:58";"17";""
"Sun, Mar 2, 2025 11:21:11";"13";""
"Sun, Mar 2, 2025 11:21:35";"24";""
"Sun, Mar 2, 2025 11:22:35";"24";""
"Sun, Mar 2, 2025 11:22:36";"15";""
"Sun, Mar 2, 2025 11:22:39";"20";""
"Sun, Mar 2, 2025 11:22:41";"18";""
"Sun, Mar 2, 2025 11:23:12";"13";""
"Sun, Mar 2, 2025 11:23:34";"24";""
"Sun, Mar 2, 2025 11:23:44";"13";""
"Sun, Mar 2, 2025 11:24:52";"20";""
"Sun, Mar 2, 2025 11:24:58";"12";""
"Sun, Mar 2, 2025 11:24:59";"13";""
"Sun, Mar 2, 2025 11:25:05";"18";""
"Sun, Mar 2, 2025 11:25:24";"16";""
"Sun, Mar 2, 2025 11:26:04";"10";""
"Sun, Mar 2, 2025 11:26:18";"16";""
"Sun, Mar 2, 2025 11:27:19";"17";""
"Sun, Mar 2, 2025 11:27:25";"15";""
"Sun, Mar 2, 2025 11:27:35";"19";""
"Sun, Mar 2, 2025 11:27:46";"16";""
"Sun, Mar 2, 2025 11:27:57";"12";""
"Sun, Mar 2, 2025 11:29:01";"14";""
"Sun, Mar 2, 2025 11:29:29";"15";""
"Sun, Mar 2, 2025 11:29:42";"12";""
"Sun, Mar 2, 2025 11:30:14";"21";""
"Sun, Mar 2, 2025 11:30:19";"20";""
"Sun, Mar 2, 2025 11:30:20";"12";""
"Sun, Mar 2, 2025 11:30:23";"13";""
"Sun, Mar 2, 2025 11:30:35";"13";""
"Sun, Mar 2, 2025 11:30:51";"14";""
"Sun, Mar 2, 2025 11:30:57";"15";""
"Sun, Mar 2, 2025 11:31:32";"16";""
"Sun, Mar 2, 2025 11:31:34";"14";""
"Sun, Mar 2, 2025 11:32:15";"17";""
"Sun, Mar 2, 2025 11:32:18";"14";""
"Sun, Mar 2, 2025 11:32:19";"14";""
"Sun, Mar 2, 2025 11:32:44";"16";""
"Sun, Mar 2, 2025 11:32:48";"17";""
"Sun, Mar 2, 2025 11:33:12";"19";""
"Sun, Mar 2, 2025 11:33:14";"13";""
"Sun, Mar 2, 2025 11:33:32";"25";""
"Sun, Mar 2, 2025 11:34:40";"16";""
"Sun, Mar 2, 2025 11:34:46";"13";""
"Sun, Mar 2, 2025 11:34:49";"14";""
"Sun, Mar 2, 2025 11:35:30";"19";""
"Sun, Mar 2, 2025 11:35:49";"16";""
"Sun, Mar 2, 2025 11:36:10";"19";""
"Sun, Mar 2, 2025 11:36:50";"19";""
"Sun, Mar 2, 2025 11:37:04";"12";""
"Sun, Mar 2, 2025 11:37:18";"18";""
"Sun, Mar 2, 2025 11:37:19";"11";""
"Sun, Mar 2, 2025 11:37:20";"13";""
"Sun, Mar 2, 2025 11:38:23";"17";""
"Sun, Mar 2, 2025 11:38:43";"13";""
"Sun, Mar 2, 2025 11:38:45";"12";""
"Sun, Mar 2, 2025 11:39:34";"16";""
"Sun, Mar 2, 2025 11:39:38";"16";""
"Sun, Mar 2, 2025 11:39:43";"13";""
"Sun, Mar 2, 2025 11:40:12";"17";""
"Sun, Mar 2, 2025 11:40:13";"17";""
"Sun, Mar 2, 2025 11:40:17";"17";""
"Sun, Mar 2, 2025 11:40:19";"16";""
"Sun, Mar 2, 2025 11:40:23";"16";""
"Sun, Mar 2, 2025 11:40:36";"20";""
"Sun, Mar 2, 2025 11:40:40";"19";""
"Sun, Mar 2, 2025 11:40:48";"19";""
"Sun, Mar 2, 2025 11:40:51";"24";""
"Sun, Mar 2, 2025 11:40:55";"18";""
"Sun, Mar 2, 2025 11:40:56";"21";""
"Sun, Mar 2, 2025 11:41:05";"16";""
"Sun, Mar 2, 2025 11:41:07";"21";""
"Sun, Mar 2, 2025 11:41:19";"14";""
"Sun, Mar 2, 2025 11:41:24";"18";""
"Sun, Mar 2, 2025 11:41:31";"16";""
"Sun, Mar 2, 2025 11:41:32";"17";""
"Sun, Mar 2, 2025 11:41:34";"19";""
"Sun, Mar 2, 2025 11:41:38";"13";""
"Sun, Mar 2, 2025 11:41:53";"13";""
"Sun, Mar 2, 2025 11:42:55";"14";""
"Sun, Mar 2, 2025 11:43:30";"24";""
"Sun, Mar 2, 2025 11:43:45";"20";""
"Sun, Mar 2, 2025 11:43:49";"18";""
"Sun, Mar 2, 2025 11:44:05";"21";""
"Sun, Mar 2, 2025 11:44:06";"16";""
"Sun, Mar 2, 2025 11:45:03";"19";""
"Sun, Mar 2, 2025 11:45:06";"16";""
"Sun, Mar 2, 2025 11:45:09";"16";""
"Sun, Mar 2, 2025 11:45:26";"14";""
"Sun, Mar 2, 2025 11:45:38";"4";""
"Sun, Mar 2, 2025 11:46:06";"10";""
"Sun, Mar 2, 2025 11:46:06";"9";""
"Sun, Mar 2, 2025 11:46:12";"18";""
"Sun, Mar 2, 2025 11:46:15";"19";""
"Sun, Mar 2, 2025 11:46:27";"17";""
"Sun, Mar 2, 2025 11:46:42";"13";""
"Sun, Mar 2, 2025 11:46:42";"12";""
"Sun, Mar 2, 2025 11:46:45";"12";""
"Sun, Mar 2, 2025 11:46:52";"10";""
"Sun, Mar 2, 2025 11:46:59";"9";""
"Sun, Mar 2, 2025 11:47:23";"13";""
"Sun, Mar 2, 2025 11:47:29";"18";""
"Sun, Mar 2, 2025 11:47:32";"21";""
"Sun, Mar 2, 2025 11:47:36";"18";""
"Sun, Mar 2, 2025 11:47:46";"19";""
"Sun, Mar 2, 2025 11:48:17";"17";""
"Sun, Mar 2, 2025 11:48:20";"15";""
"Sun, Mar 2, 2025 11:48:22";"15";""
"Sun, Mar 2, 2025 11:48:49";"22";""
"Sun, Mar 2, 2025 11:48:54";"16";""
"Sun, Mar 2, 2025 11:48:56";"18";""
"Sun, Mar 2, 2025 11:49:10";"19";""
"Sun, Mar 2, 2025 11:49:22";"15";""
"Sun, Mar 2, 2025 11:49:31";"18";""
"Sun, Mar 2, 2025 11:49:34";"15";""
"Sun, Mar 2, 2025 11:49:34";"17";""
"Sun, Mar 2, 2025 11:50:07";"14";""
"Sun, Mar 2, 2025 11:50:08";"21";""
"Sun, Mar 2, 2025 11:50:10";"11";""
"Sun, Mar 2, 2025 11:50:14";"18";""
"Sun, Mar 2, 2025 11:50:18";"16";""
"Sun, Mar 2, 2025 11:50:35";"14";""
"Sun, Mar 2, 2025 11:50:46";"15";""
"Sun, Mar 2, 2025 11:50:47";"17";""
"Sun, Mar 2, 2025 11:50:49";"22";""
"Sun, Mar 2, 2025 11:50:59";"18";""
"Sun, Mar 2, 2025 11:51:18";"18";""
"Sun, Mar 2, 2025 11:51:34";"17";""
"Sun, Mar 2, 2025 11:51:34";"16";""
"Sun, Mar 2, 2025 11:51:39";"16";""
"Sun, Mar 2, 2025 11:51:54";"18";""
"Sun, Mar 2, 2025 11:51:58";"16";""
"Sun, Mar 2, 2025 11:52:17";"19";""
"Sun, Mar 2, 2025 11:52:31";"27";""
"Sun, Mar 2, 2025 11:52:38";"18";""
"Sun, Mar 2, 2025 11:52:42";"16";""
"Sun, Mar 2, 2025 11:52:43";"16";""
"Sun, Mar 2, 2025 11:52:44";"17";""
"Sun, Mar 2, 2025 11:52:49";"20";""
"Sun, Mar 2, 2025 11:52:53";"17";""
"Sun, Mar 2, 2025 11:52:55";"16";""
"Sun, Mar 2, 2025 11:52:57";"20";""
"Sun, Mar 2, 2025 11:52:58";"21";""
"Sun, Mar 2, 2025 11:53:04";"19";""
"Sun, Mar 2, 2025 11:53:18";"16";""
"Sun, Mar 2, 2025 11:53:19";"18";""
"Sun, Mar 2, 2025 11:53:28";"5";""
"Sun, Mar 2, 2025 11:53:53";"18";""
"Sun, Mar 2, 2025 11:54:02";"13";""
"Sun, Mar 2, 2025 11:54:45";"16";""
"Sun, Mar 2, 2025 11:54:45";"16";""
"Sun, Mar 2, 2025 11:55:32";"19";""
"Sun, Mar 2, 2025 11:55:32";"21";""
"Sun, Mar 2, 2025 11:55:35";"18";""
"Sun, Mar 2, 2025 11:55:37";"16";""
"Sun, Mar 2, 2025 11:55:39";"16";""
"Sun, Mar 2, 2025 11:55:42";"17";""
"Sun, Mar 2, 2025 11:55:48";"11";""
"Sun, Mar 2, 2025 11:56:26";"12";""
"Sun, Mar 2, 2025 11:56:38";"18";""
"Sun, Mar 2, 2025 11:56:40";"13";""
"Sun, Mar 2, 2025 11:56:53";"19";""
"Sun, Mar 2, 2025 11:57:01";"20";""
"Sun, Mar 2, 2025 11:57:03";"13";""
"Sun, Mar 2, 2025 11:57:14";"19";""
"Sun, Mar 2, 2025 11:57:23";"13";""
"Sun, Mar 2, 2025 11:57:24";"12";""
"Sun, Mar 2, 2025 11:57:26";"24";""
"Sun, Mar 2, 2025 11:57:27";"13";""
"Sun, Mar 2, 2025 11:57:30";"16";""
"Sun, Mar 2, 2025 11:57:58";"16";""
"Sun, Mar 2, 2025 11:58:15";"13";""
"Sun, Mar 2, 2025 11:58:18";"14";""
"Sun, Mar 2, 2025 11:58:20";"13";""
"Sun, Mar 2, 2025 11:58:24";"17";""
"Sun, Mar 2, 2025 11:58:47";"20";""
"Sun, Mar 2, 2025 11:59:38";"14";""
"Sun, Mar 2, 2025 12:00:17";"16";""
"Sun, Mar 2, 2025 12:00:20";"14";""
"Sun, Mar 2, 2025 12:00:45";"19";""
"Sun, Mar 2, 2025 12:00:51";"17";""
"Sun, Mar 2, 2025 12:00:59";"13";""
"Sun, Mar 2, 2025 12:01:08";"19";""
"Sun, Mar 2, 2025 12:01:13";"18";""
"Sun, Mar 2, 2025 12:01:19";"16";""
"Sun, Mar 2, 2025 12:01:25";"17";""
"Sun, Mar 2, 2025 12:02:21";"18";""
"Sun, Mar 2, 2025 12:02:24";"11";""
"Sun, Mar 2, 2025 12:02:28";"11";""
"Sun, Mar 2, 2025 12:02:32";"17";""
"Sun, Mar 2, 2025 12:02:36";"16";""
"Sun, Mar 2, 2025 12:03:03";"8";""
"Sun, Mar 2, 2025 12:03:27";"31";""
"Sun, Mar 2, 2025 12:03:33";"17";""
"Sun, Mar 2, 2025 12:03:35";"18";""
"Sun, Mar 2, 2025 12:03:44";"17";""
"Sun, Mar 2, 2025 12:04:24";"9";""
"Sun, Mar 2, 2025 12:04:28";"20";""
"Sun, Mar 2, 2025 12:04:37";"16";""
"Sun, Mar 2, 2025 12:04:44";"17";""
"Sun, Mar 2, 2025 12:04:55";"18";""
"Sun, Mar 2, 2025 12:05:21";"20";""
"Sun, Mar 2, 2025 12:06:11";"20";""
"Sun, Mar 2, 2025 12:06:16";"20";""
"Sun, Mar 2, 2025 12:06:17";"14";""
"Sun, Mar 2, 2025 12:06:26";"14";""
"Sun, Mar 2, 2025 12:07:35";"19";""
"Sun, Mar 2, 2025 12:07:38";"16";""
"Sun, Mar 2, 2025 12:07:41";"15";""
"Sun, Mar 2, 2025 12:08:58";"16";""
"Sun, Mar 2, 2025 12:09:05";"29";""
"Sun, Mar 2, 2025 12:09:08";"17";""
"Sun, Mar 2, 2025 12:09:19";"18";""
"Sun, Mar 2, 2025 12:09:22";"22";""
"Sun, Mar 2, 2025 12:09:22";"21";""
"Sun, Mar 2, 2025 12:09:24";"16";""
"Sun, Mar 2, 2025 12:09:27";"17";""
"Sun, Mar 2, 2025 12:09:49";"20";""
"Sun, Mar 2, 2025 12:10:10";"24";""
"Sun, Mar 2, 2025 12:10:14";"14";""
"Sun, Mar 2, 2025 12:10:24";"16";""
"Sun, Mar 2, 2025 12:10:37";"17";""
"Sun, Mar 2, 2025 12:10:42";"17";""
"Sun, Mar 2, 2025 12:11:29";"21";""
"Sun, Mar 2, 2025 12:11:30";"17";""
"Sun, Mar 2, 2025 12:11:37";"18";""
"Sun, Mar 2, 2025 12:11:45";"13";""
"Sun, Mar 2, 2025 12:13:08";"18";""
"Sun, Mar 2, 2025 12:13:21";"16";""
"Sun, Mar 2, 2025 12:13:45";"14";""
"Sun, Mar 2, 2025 12:14:17";"18";""
"Sun, Mar 2, 2025 12:14:18";"13";""
"Sun, Mar 2, 2025 12:14:39";"18";""
"Sun, Mar 2, 2025 12:14:40";"18";""
"Sun, Mar 2, 2025 12:15:22";"19";""
"Sun, Mar 2, 2025 12:15:24";"18";""
"Sun, Mar 2, 2025 12:15:33";"18";""
"Sun, Mar 2, 2025 12:15:34";"24";""
"Sun, Mar 2, 2025 12:15:35";"16";""
"Sun, Mar 2, 2025 12:15:58";"16";""
"Sun, Mar 2, 2025 12:16:08";"19";""
"Sun, Mar 2, 2025 12:16:13";"18";""
"Sun, Mar 2, 2025 12:16:37";"22";""
"Sun, Mar 2, 2025 12:16:42";"22";""
"Sun, Mar 2, 2025 12:16:43";"16";""
"Sun, Mar 2, 2025 12:16:45";"16";""
"Sun, Mar 2, 2025 12:16:47";"17";""
"Sun, Mar 2, 2025 12:16:59";"16";""
"Sun, Mar 2, 2025 12:17:22";"20";""
"Sun, Mar 2, 2025 12:17:40";"12";""
"Sun, Mar 2, 2025 12:17:41";"13";""
"Sun, Mar 2, 2025 12:18:20";"17";""
"Sun, Mar 2, 2025 12:18:22";"12";""
"Sun, Mar 2, 2025 12:18:22";"14";""
"Sun, Mar 2, 2025 12:18:31";"22";""
"Sun, Mar 2, 2025 12:18:49";"16";""
"Sun, Mar 2, 2025 12:18:50";"19";""
"Sun, Mar 2, 2025 12:18:53";"18";""
"Sun, Mar 2, 2025 12:18:54";"17";""
"Sun, Mar 2, 2025 12:19:02";"16";""
"Sun, Mar 2, 2025 12:19:34";"19";""
"Sun, Mar 2, 2025 12:19:57";"13";""
"Sun, Mar 2, 2025 12:20:08";"14";""
"Sun, Mar 2, 2025 12:20:11";"16";""
"Sun, Mar 2, 2025 12:20:48";"4";""
"Sun, Mar 2, 2025 12:20:57";"15";""
"Sun, Mar 2, 2025 12:21:34";"12";""
"Sun, Mar 2, 2025 12:21:35";"11";""
"Sun, Mar 2, 2025 12:22:16";"19";""
"Sun, Mar 2, 2025 12:22:37";"15";""
"Sun, Mar 2, 2025 12:22:37";"16";""
"Sun, Mar 2, 2025 12:23:04";"12";""
"Sun, Mar 2, 2025 12:23:20";"13";""
"Sun, Mar 2, 2025 12:23:32";"21";""
"Sun, Mar 2, 2025 12:23:32";"18";""
"Sun, Mar 2, 2025 12:23:36";"17";""
"Sun, Mar 2, 2025 12:23:38";"16";""
"Sun, Mar 2, 2025 12:23:46";"16";""
"Sun, Mar 2, 2025 12:23:48";"13";""
"Sun, Mar 2, 2025 12:24:04";"22";""
"Sun, Mar 2, 2025 12:24:12";"12";""
"Sun, Mar 2, 2025 12:24:54";"20";""
"Sun, Mar 2, 2025 12:25:03";"13";""
"Sun, Mar 2, 2025 12:26:11";"20";""
"Sun, Mar 2, 2025 12:26:13";"17";""
"Sun, Mar 2, 2025 12:26:15";"19";""
"Sun, Mar 2, 2025 12:26:30";"16";""
"Sun, Mar 2, 2025 12:26:42";"22";""
"Sun, Mar 2, 2025 12:26:53";"18";""
"Sun, Mar 2, 2025 12:26:55";"19";""
"Sun, Mar 2, 2025 12:27:35";"18";""
"Sun, Mar 2, 2025 12:27:38";"13";""
"Sun, Mar 2, 2025 12:27:44";"15";""
"Sun, Mar 2, 2025 12:28:02";"17";""
"Sun, Mar 2, 2025 12:28:05";"21";""
"Sun, Mar 2, 2025 12:28:13";"17";""
"Sun, Mar 2, 2025 12:29:10";"21";""
"Sun, Mar 2, 2025 12:29:16";"17";""
"Sun, Mar 2, 2025 12:29:53";"18";""
"Sun, Mar 2, 2025 12:29:53";"16";""
"Sun, Mar 2, 2025 12:30:16";"15";""
"Sun, Mar 2, 2025 12:30:58";"15";""
"Sun, Mar 2, 2025 12:31:05";"17";""
"Sun, Mar 2, 2025 12:31:08";"15";""
"Sun, Mar 2, 2025 12:31:33";"17";""
"Sun, Mar 2, 2025 12:31:43";"18";""
"Sun, Mar 2, 2025 12:32:45";"21";""
"Sun, Mar 2, 2025 12:32:46";"24";""
"Sun, Mar 2, 2025 12:32:53";"15";""
"Sun, Mar 2, 2025 12:32:57";"16";""
"Sun, Mar 2, 2025 12:33:02";"13";""
"Sun, Mar 2, 2025 12:33:28";"14";""
"Sun, Mar 2, 2025 12:35:02";"17";""
"Sun, Mar 2, 2025 12:35:23";"10";""
"Sun, Mar 2, 2025 12:35:23";"10";""
"Sun, Mar 2, 2025 12:35:34";"18";""
"Sun, Mar 2, 2025 12:35:55";"25";""
"Sun, Mar 2, 2025 12:36:03";"20";""
"Sun, Mar 2, 2025 12:36:14";"18";""
"Sun, Mar 2, 2025 12:36:52";"14";""
"Sun, Mar 2, 2025 12:37:01";"13";""
"Sun, Mar 2, 2025 12:37:02";"14";""
"Sun, Mar 2, 2025 12:37:23";"22";""
"Sun, Mar 2, 2025 12:37:34";"21";""
"Sun, Mar 2, 2025 12:37:37";"17";""
"Sun, Mar 2, 2025 12:37:39";"18";""
"Sun, Mar 2, 2025 12:37:47";"15";""
"Sun, Mar 2, 2025 12:38:13";"22";""
"Sun, Mar 2, 2025 12:38:18";"25";""
"Sun, Mar 2, 2025 12:38:34";"17";""
"Sun, Mar 2, 2025 12:38:53";"14";""
"Sun, Mar 2, 2025 12:39:24";"16";""
"Sun, Mar 2, 2025 12:39:55";"18";""
"Sun, Mar 2, 2025 12:40:14";"20";""
"Sun, Mar 2, 2025 12:40:58";"13";""
"Sun, Mar 2, 2025 12:41:02";"15";""
"Sun, Mar 2, 2025 12:41:14";"15";""
"Sun, Mar 2, 2025 12:41:44";"20";""
"Sun, Mar 2, 2025 12:42:06";"20";""
"Sun, Mar 2, 2025 12:42:12";"21";""
"Sun, Mar 2, 2025 12:42:13";"19";""
"Sun, Mar 2, 2025 12:42:18";"18";""
"Sun, Mar 2, 2025 12:42:19";"18";""
"Sun, Mar 2, 2025 12:42:31";"16";""
"Sun, Mar 2, 2025 12:43:33";"20";""
"Sun, Mar 2, 2025 12:43:34";"18";""
"Sun, Mar 2, 2025 12:43:34";"18";""
"Sun, Mar 2, 2025 12:43:39";"13";""
"Sun, Mar 2, 2025 12:43:40";"18";""
"Sun, Mar 2, 2025 12:43:42";"14";""
"Sun, Mar 2, 2025 12:43:44";"15";""
"Sun, Mar 2, 2025 12:43:44";"16";""
"Sun, Mar 2, 2025 12:44:54";"21";""
"Sun, Mar 2, 2025 12:44:55";"25";""
"Sun, Mar 2, 2025 12:45:35";"14";""
"Sun, Mar 2, 2025 12:46:18";"15";""
"Sun, Mar 2, 2025 12:46:24";"14";""
"Sun, Mar 2, 2025 12:46:31";"14";""
"Sun, Mar 2, 2025 12:46:46";"18";""
"Sun, Mar 2, 2025 12:46:48";"16";""
"Sun, Mar 2, 2025 12:46:54";"15";""
"Sun, Mar 2, 2025 12:47:02";"16";""
"Sun, Mar 2, 2025 12:47:26";"22";""
"Sun, Mar 2, 2025 12:47:27";"22";""
"Sun, Mar 2, 2025 12:47:33";"21";""
"Sun, Mar 2, 2025 12:47:47";"14";""
"Sun, Mar 2, 2025 12:48:02";"15";""
"Sun, Mar 2, 2025 12:48:20";"19";""
"Sun, Mar 2, 2025 12:48:47";"17";""
"Sun, Mar 2, 2025 12:48:50";"22";""
"Sun, Mar 2, 2025 12:49:04";"14";""
"Sun, Mar 2, 2025 12:49:09";"13";""
"Sun, Mar 2, 2025 12:50:13";"19";""
"Sun, Mar 2, 2025 12:50:35";"18";""
"Sun, Mar 2, 2025 12:50:38";"18";""
"Sun, Mar 2, 2025 12:50:55";"12";""
"Sun, Mar 2, 2025 12:51:29";"27";""
"Sun, Mar 2, 2025 12:51:33";"18";""
"Sun, Mar 2, 2025 12:51:52";"10";""
"Sun, Mar 2, 2025 12:51:59";"12";""
"Sun, Mar 2, 2025 12:52:50";"19";""
"Sun, Mar 2, 2025 12:53:00";"16";""
"Sun, Mar 2, 2025 12:53:05";"13";""
"Sun, Mar 2, 2025 12:53:45";"9";""
"Sun, Mar 2, 2025 12:54:12";"21";""
"Sun, Mar 2, 2025 12:54:15";"18";""
"Sun, Mar 2, 2025 12:54:22";"16";""
"Sun, Mar 2, 2025 12:54:53";"16";""
"Sun, Mar 2, 2025 12:56:20";"13";""
"Sun, Mar 2, 2025 12:56:58";"12";""
"Sun, Mar 2, 2025 12:57:13";"19";""
"Sun, Mar 2, 2025 12:57:15";"18";""
"Sun, Mar 2, 2025 12:57:21";"17";""
"Sun, Mar 2, 2025 12:57:24";"17";""
"Sun, Mar 2, 2025 12:57:38";"18";""
"Sun, Mar 2, 2025 12:58:11";"21";""
"Sun, Mar 2, 2025 12:58:12";"25";""
"Sun, Mar 2, 2025 12:58:14";"14";""
"Sun, Mar 2, 2025 12:58:15";"16";""
"Sun, Mar 2, 2025 12:58:17";"19";""
"Sun, Mar 2, 2025 12:58:19";"17";""
"Sun, Mar 2, 2025 12:58:19";"18";""
"Sun, Mar 2, 2025 12:58:23";"17";""
"Sun, Mar 2, 2025 12:58:24";"19";""
"Sun, Mar 2, 2025 12:58:25";"19";""
"Sun, Mar 2, 2025 12:58:39";"17";""
"Sun, Mar 2, 2025 12:58:54";"15";""
"Sun, Mar 2, 2025 12:59:32";"19";""
"Sun, Mar 2, 2025 12:59:46";"0";""
"Sun, Mar 2, 2025 13:00:11";"14";""
"Sun, Mar 2, 2025 13:00:37";"5";""
"Sun, Mar 2, 2025 13:00:54";"18";""
"Sun, Mar 2, 2025 13:00:56";"13";""
"Sun, Mar 2, 2025 13:00:57";"14";""
"Sun, Mar 2, 2025 13:01:41";"18";""
"Sun, Mar 2, 2025 13:02:10";"21";""
"Sun, Mar 2, 2025 13:02:28";"14";""
"Sun, Mar 2, 2025 13:02:53";"11";""
"Sun, Mar 2, 2025 13:03:32";"21";""
"Sun, Mar 2, 2025 13:03:34";"15";""
"Sun, Mar 2, 2025 13:03:35";"20";""
"Sun, Mar 2, 2025 13:03:38";"20";""
"Sun, Mar 2, 2025 13:03:38";"19";""
"Sun, Mar 2, 2025 13:03:41";"18";""
"Sun, Mar 2, 2025 13:03:42";"20";""
"Sun, Mar 2, 2025 13:03:43";"20";""
"Sun, Mar 2, 2025 13:03:53";"10";""
"Sun, Mar 2, 2025 13:03:54";"10";""
"Sun, Mar 2, 2025 13:04:09";"17";""
"Sun, Mar 2, 2025 13:04:32";"13";""
"Sun, Mar 2, 2025 13:04:55";"18";""
"Sun, Mar 2, 2025 13:05:18";"16";""
"Sun, Mar 2, 2025 13:05:25";"18";""
"Sun, Mar 2, 2025 13:05:32";"16";""
"Sun, Mar 2, 2025 13:05:32";"16";""
"Sun, Mar 2, 2025 13:05:33";"14";""
"Sun, Mar 2, 2025 13:06:21";"12";""
"Sun, Mar 2, 2025 13:06:39";"18";""
"Sun, Mar 2, 2025 13:06:51";"18";""
"Sun, Mar 2, 2025 13:07:47";"12";""
"Sun, Mar 2, 2025 13:07:59";"27";""
"Sun, Mar 2, 2025 13:08:59";"16";""
"Sun, Mar 2, 2025 13:09:18";"14";""
"Sun, Mar 2, 2025 13:10:13";"14";""
"Sun, Mar 2, 2025 13:10:16";"17";""
"Sun, Mar 2, 2025 13:10:47";"18";""
"Sun, Mar 2, 2025 13:10:52";"14";""
"Sun, Mar 2, 2025 13:11:41";"14";""
"Sun, Mar 2, 2025 13:13:01";"13";""
"Sun, Mar 2, 2025 13:13:31";"24";""
"Sun, Mar 2, 2025 13:13:47";"18";""
"Sun, Mar 2, 2025 13:14:14";"17";""
"Sun, Mar 2, 2025 13:14:20";"19";""
"Sun, Mar 2, 2025 13:14:28";"10";""
"Sun, Mar 2, 2025 13:14:29";"24";""
"Sun, Mar 2, 2025 13:14:42";"19";""
"Sun, Mar 2, 2025 13:14:47";"17";""
"Sun, Mar 2, 2025 13:15:38";"14";""
"Sun, Mar 2, 2025 13:15:47";"12";""
"Sun, Mar 2, 2025 13:16:55";"21";""
"Sun, Mar 2, 2025 13:17:18";"15";""
"Sun, Mar 2, 2025 13:18:07";"29";""
"Sun, Mar 2, 2025 13:18:07";"31";""
"Sun, Mar 2, 2025 13:18:12";"22";""
"Sun, Mar 2, 2025 13:18:13";"17";""
"Sun, Mar 2, 2025 13:19:08";"17";""
"Sun, Mar 2, 2025 13:19:33";"16";""
"Sun, Mar 2, 2025 13:19:42";"15";""
"Sun, Mar 2, 2025 13:19:49";"17";""
"Sun, Mar 2, 2025 13:20:33";"18";""
"Sun, Mar 2, 2025 13:20:51";"25";""
"Sun, Mar 2, 2025 13:21:39";"20";""
"Sun, Mar 2, 2025 13:22:21";"15";""
"Sun, Mar 2, 2025 13:22:23";"15";""
"Sun, Mar 2, 2025 13:22:34";"12";""
"Sun, Mar 2, 2025 13:23:28";"15";""
"Sun, Mar 2, 2025 13:23:34";"16";""
"Sun, Mar 2, 2025 13:23:45";"29";""
"Sun, Mar 2, 2025 13:23:55";"18";""
"Sun, Mar 2, 2025 13:24:04";"15";""
"Sun, Mar 2, 2025 13:24:04";"18";""
"Sun, Mar 2, 2025 13:24:18";"13";""
"Sun, Mar 2, 2025 13:25:04";"29";""
"Sun, Mar 2, 2025 13:25:18";"18";""
"Sun, Mar 2, 2025 13:25:55";"16";""
"Sun, Mar 2, 2025 13:26:00";"15";""
"Sun, Mar 2, 2025 13:26:11";"17";""
"Sun, Mar 2, 2025 13:26:17";"22";""
"Sun, Mar 2, 2025 13:27:16";"14";""
"Sun, Mar 2, 2025 13:27:38";"16";""
"Sun, Mar 2, 2025 13:28:41";"15";""
"Sun, Mar 2, 2025 13:28:50";"20";""
"Sun, Mar 2, 2025 13:28:57";"20";""
"Sun, Mar 2, 2025 13:28:59";"17";""
"Sun, Mar 2, 2025 13:29:31";"16";""
"Sun, Mar 2, 2025 13:30:05";"19";""
"Sun, Mar 2, 2025 13:30:05";"19";""
"Sun, Mar 2, 2025 13:30:22";"18";""
"Sun, Mar 2, 2025 13:31:34";"19";""
"Sun, Mar 2, 2025 13:31:54";"11";""
"Sun, Mar 2, 2025 13:33:13";"11";""
"Sun, Mar 2, 2025 13:34:57";"15";""
"Sun, Mar 2, 2025 13:35:09";"13";""
"Sun, Mar 2, 2025 13:35:41";"17";""
"Sun, Mar 2, 2025 13:35:52";"16";""
"Sun, Mar 2, 2025 13:37:03";"12";""
"Sun, Mar 2, 2025 13:37:05";"12";""
"Sun, Mar 2, 2025 13:37:47";"19";""
"Sun, Mar 2, 2025 13:38:11";"27";""
"Sun, Mar 2, 2025 13:38:14";"22";""
"Sun, Mar 2, 2025 13:38:18";"16";""
"Sun, Mar 2, 2025 13:38:58";"14";""
"Sun, Mar 2, 2025 13:39:28";"22";""
"Sun, Mar 2, 2025 13:39:29";"24";""
"Sun, Mar 2, 2025 13:39:35";"15";""
"Sun, Mar 2, 2025 13:39:55";"13";""
"Sun, Mar 2, 2025 13:40:04";"15";""
"Sun, Mar 2, 2025 13:40:06";"14";""
"Sun, Mar 2, 2025 13:40:07";"16";""
"Sun, Mar 2, 2025 13:40:36";"15";""
"Sun, Mar 2, 2025 13:40:53";"18";""
"Sun, Mar 2, 2025 13:41:01";"18";""
"Sun, Mar 2, 2025 13:41:21";"21";""
"Sun, Mar 2, 2025 13:42:14";"18";""
"Sun, Mar 2, 2025 13:43:41";"13";""
"Sun, Mar 2, 2025 13:43:45";"18";""
"Sun, Mar 2, 2025 13:44:02";"18";""
"Sun, Mar 2, 2025 13:44:03";"16";""
"Sun, Mar 2, 2025 13:44:15";"14";""
"Sun, Mar 2, 2025 13:44:32";"16";""
"Sun, Mar 2, 2025 13:45:02";"13";""
"Sun, Mar 2, 2025 13:45:05";"21";""
"Sun, Mar 2, 2025 13:45:06";"20";""
"Sun, Mar 2, 2025 13:46:18";"19";""
"Sun, Mar 2, 2025 13:46:48";"20";""
"Sun, Mar 2, 2025 13:47:09";"16";""
"Sun, Mar 2, 2025 13:47:26";"25";""
"Sun, Mar 2, 2025 13:47:35";"17";""
"Sun, Mar 2, 2025 13:47:37";"14";""
"Sun, Mar 2, 2025 13:48:57";"16";""
"Sun, Mar 2, 2025 13:48:58";"18";""
"Sun, Mar 2, 2025 13:49:02";"16";""
"Sun, Mar 2, 2025 13:49:02";"16";""
"Sun, Mar 2, 2025 13:49:16";"16";""
"Sun, Mar 2, 2025 13:50:12";"18";""
"Sun, Mar 2, 2025 13:50:25";"12";""
"Sun, Mar 2, 2025 13:50:26";"13";""
"Sun, Mar 2, 2025 13:51:57";"20";""
"Sun, Mar 2, 2025 13:52:07";"16";""
"Sun, Mar 2, 2025 13:53:28";"19";""
"Sun, Mar 2, 2025 13:54:00";"18";""
"Sun, Mar 2, 2025 13:55:38";"16";""
"Sun, Mar 2, 2025 13:56:02";"11";""
"Sun, Mar 2, 2025 13:56:04";"12";""
"Sun, Mar 2, 2025 13:56:22";"13";""
"Sun, Mar 2, 2025 13:57:03";"16";""
"Sun, Mar 2, 2025 13:57:27";"11";""
"Sun, Mar 2, 2025 13:57:28";"12";""
"Sun, Mar 2, 2025 14:00:16";"16";""
"Sun, Mar 2, 2025 14:00:17";"18";""
"Sun, Mar 2, 2025 14:02:25";"14";""
"Sun, Mar 2, 2025 14:03:02";"14";""
"Sun, Mar 2, 2025 14:04:01";"14";""
"Sun, Mar 2, 2025 14:04:03";"12";""
"Sun, Mar 2, 2025 14:04:30";"16";""
"Sun, Mar 2, 2025 14:04:50";"22";""
"Sun, Mar 2, 2025 14:06:10";"20";""
"Sun, Mar 2, 2025 14:06:15";"18";""
"Sun, Mar 2, 2025 14:06:25";"13";""
"Sun, Mar 2, 2025 14:07:32";"20";""
"Sun, Mar 2, 2025 14:07:34";"18";""
"Sun, Mar 2, 2025 14:07:37";"18";""
"Sun, Mar 2, 2025 14:07:53";"16";""
"Sun, Mar 2, 2025 14:08:00";"20";""
"Sun, Mar 2, 2025 14:09:16";"9";""
"Sun, Mar 2, 2025 14:09:32";"20";""
"Sun, Mar 2, 2025 14:10:08";"25";""
"Sun, Mar 2, 2025 14:10:16";"17";""
"Sun, Mar 2, 2025 14:10:18";"17";""
"Sun, Mar 2, 2025 14:10:19";"15";""
"Sun, Mar 2, 2025 14:10:37";"22";""
"Sun, Mar 2, 2025 14:11:28";"25";""
"Sun, Mar 2, 2025 14:11:41";"13";""
"Sun, Mar 2, 2025 14:11:58";"18";""
"Sun, Mar 2, 2025 14:13:01";"18";""
"Sun, Mar 2, 2025 14:13:18";"14";""
"Sun, Mar 2, 2025 14:13:55";"10";""
"Sun, Mar 2, 2025 14:14:46";"16";""
"Sun, Mar 2, 2025 14:15:09";"20";""
"Sun, Mar 2, 2025 14:15:33";"24";""
"Sun, Mar 2, 2025 14:15:35";"17";""
"Sun, Mar 2, 2025 14:16:11";"18";""
"Sun, Mar 2, 2025 14:16:49";"19";""
"Sun, Mar 2, 2025 14:16:58";"16";""
"Sun, Mar 2, 2025 14:18:22";"13";""
"Sun, Mar 2, 2025 14:19:36";"16";""
"Sun, Mar 2, 2025 14:19:45";"13";""
"Sun, Mar 2, 2025 14:19:54";"16";""
"Sun, Mar 2, 2025 14:20:13";"16";""
"Sun, Mar 2, 2025 14:21:15";"16";""
"Sun, Mar 2, 2025 14:22:16";"18";""
"Sun, Mar 2, 2025 14:22:22";"21";""
"Sun, Mar 2, 2025 14:22:24";"11";""
"Sun, Mar 2, 2025 14:23:33";"19";""
"Sun, Mar 2, 2025 14:24:11";"19";""
"Sun, Mar 2, 2025 14:24:21";"21";""
"Sun, Mar 2, 2025 14:24:54";"18";""
"Sun, Mar 2, 2025 14:26:10";"20";""
"Sun, Mar 2, 2025 14:26:50";"14";""
"Sun, Mar 2, 2025 14:27:55";"12";""
"Sun, Mar 2, 2025 14:28:13";"20";""
"Sun, Mar 2, 2025 14:28:46";"17";""
"Sun, Mar 2, 2025 14:28:58";"18";""
"Sun, Mar 2, 2025 14:29:03";"14";""
"Sun, Mar 2, 2025 14:29:28";"19";""
"Sun, Mar 2, 2025 14:30:31";"20";""
"Sun, Mar 2, 2025 14:31:53";"24";""
"Sun, Mar 2, 2025 14:33:13";"14";""
"Sun, Mar 2, 2025 14:34:15";"18";""
"Sun, Mar 2, 2025 14:34:50";"8";""
"Sun, Mar 2, 2025 14:35:35";"25";""
"Sun, Mar 2, 2025 14:35:37";"14";""
"Sun, Mar 2, 2025 14:35:48";"16";""
"Sun, Mar 2, 2025 14:35:51";"13";""
"Sun, Mar 2, 2025 14:36:20";"14";""
"Sun, Mar 2, 2025 14:36:59";"16";""
"Sun, Mar 2, 2025 14:37:03";"16";""
"Sun, Mar 2, 2025 14:38:20";"13";""
"Sun, Mar 2, 2025 14:38:20";"13";""
"Sun, Mar 2, 2025 14:38:22";"13";""
"Sun, Mar 2, 2025 14:39:33";"19";""
"Sun, Mar 2, 2025 14:39:37";"15";""
"Sun, Mar 2, 2025 14:39:38";"13";""
"Sun, Mar 2, 2025 14:39:39";"14";""
"Sun, Mar 2, 2025 14:39:40";"16";""
"Sun, Mar 2, 2025 14:39:43";"13";""
"Sun, Mar 2, 2025 14:39:45";"14";""
"Sun, Mar 2, 2025 14:40:20";"19";""
"Sun, Mar 2, 2025 14:40:57";"8";""
"Sun, Mar 2, 2025 14:42:00";"21";""
"Sun, Mar 2, 2025 14:45:02";"20";""
"Sun, Mar 2, 2025 14:45:05";"15";""
"Sun, Mar 2, 2025 14:45:18";"16";""
"Sun, Mar 2, 2025 14:45:44";"16";""
"Sun, Mar 2, 2025 14:46:13";"4";""
"Sun, Mar 2, 2025 14:46:21";"20";""
"Sun, Mar 2, 2025 14:46:24";"12";""
"Sun, Mar 2, 2025 14:47:56";"17";""
"Sun, Mar 2, 2025 14:48:18";"16";""
"Sun, Mar 2, 2025 14:49:07";"12";""
"Sun, Mar 2, 2025 14:49:53";"16";""
"Sun, Mar 2, 2025 14:49:55";"15";""
"Sun, Mar 2, 2025 14:50:29";"18";""
"Sun, Mar 2, 2025 14:50:30";"16";""
"Sun, Mar 2, 2025 14:51:53";"16";""
"Sun, Mar 2, 2025 14:51:58";"15";""
"Sun, Mar 2, 2025 14:52:01";"16";""
"Sun, Mar 2, 2025 14:52:02";"16";""
"Sun, Mar 2, 2025 14:52:03";"18";""
"Sun, Mar 2, 2025 14:52:55";"15";""
"Sun, Mar 2, 2025 14:52:55";"20";""
"Sun, Mar 2, 2025 14:53:00";"16";""
"Sun, Mar 2, 2025 14:53:13";"21";""
"Sun, Mar 2, 2025 14:53:16";"12";""
"Sun, Mar 2, 2025 14:55:34";"29";""
"Sun, Mar 2, 2025 14:55:35";"29";""
"Sun, Mar 2, 2025 14:56:59";"14";""
"Sun, Mar 2, 2025 14:57:17";"20";""
"Sun, Mar 2, 2025 14:57:49";"22";""
"Sun, Mar 2, 2025 14:58:19";"15";""
"Sun, Mar 2, 2025 14:58:21";"18";""
"Sun, Mar 2, 2025 14:58:57";"14";""
"Sun, Mar 2, 2025 15:00:38";"17";""
"Sun, Mar 2, 2025 15:00:53";"13";""
"Sun, Mar 2, 2025 15:01:01";"21";""
"Sun, Mar 2, 2025 15:01:08";"10";""
"Sun, Mar 2, 2025 15:01:14";"14";""
"Sun, Mar 2, 2025 15:01:18";"17";""
"Sun, Mar 2, 2025 15:01:21";"18";""
"Sun, Mar 2, 2025 15:02:13";"18";""
"Sun, Mar 2, 2025 15:03:27";"27";""
"Sun, Mar 2, 2025 15:03:31";"21";""
"Sun, Mar 2, 2025 15:03:39";"16";""
"Sun, Mar 2, 2025 15:03:45";"12";""
"Sun, Mar 2, 2025 15:04:48";"11";""
"Sun, Mar 2, 2025 15:04:55";"16";""
"Sun, Mar 2, 2025 15:05:00";"13";""
"Sun, Mar 2, 2025 15:05:03";"14";""
"Sun, Mar 2, 2025 15:06:12";"14";""
"Sun, Mar 2, 2025 15:06:18";"16";""
"Sun, Mar 2, 2025 15:06:36";"10";""
"Sun, Mar 2, 2025 15:06:51";"12";""
"Sun, Mar 2, 2025 15:06:57";"16";""
"Sun, Mar 2, 2025 15:08:26";"18";""
"Sun, Mar 2, 2025 15:09:18";"17";""
"Sun, Mar 2, 2025 15:09:21";"11";""
"Sun, Mar 2, 2025 15:09:42";"18";""
"Sun, Mar 2, 2025 15:10:20";"13";""
"Sun, Mar 2, 2025 15:10:23";"18";""
"Sun, Mar 2, 2025 15:10:32";"15";""
"Sun, Mar 2, 2025 15:11:30";"21";""
"Sun, Mar 2, 2025 15:11:41";"14";""
"Sun, Mar 2, 2025 15:11:47";"16";""
"Sun, Mar 2, 2025 15:13:47";"18";""
"Sun, Mar 2, 2025 15:14:14";"18";""
"Sun, Mar 2, 2025 15:14:32";"11";""
"Sun, Mar 2, 2025 15:14:35";"11";""
"Sun, Mar 2, 2025 15:15:22";"27";""
"Sun, Mar 2, 2025 15:15:40";"17";""
"Sun, Mar 2, 2025 15:16:01";"19";""
"Sun, Mar 2, 2025 15:16:55";"19";""
"Sun, Mar 2, 2025 15:16:59";"14";""
"Sun, Mar 2, 2025 15:17:10";"15";""
"Sun, Mar 2, 2025 15:18:15";"18";""
"Sun, Mar 2, 2025 15:18:52";"18";""
"Sun, Mar 2, 2025 15:19:25";"11";""
"Sun, Mar 2, 2025 15:19:26";"21";""
"Sun, Mar 2, 2025 15:19:45";"14";""
"Sun, Mar 2, 2025 15:19:45";"15";""
"Sun, Mar 2, 2025 15:20:09";"20";""
"Sun, Mar 2, 2025 15:20:45";"29";""
"Sun, Mar 2, 2025 15:20:50";"24";""
"Sun, Mar 2, 2025 15:20:58";"20";""
"Sun, Mar 2, 2025 15:21:01";"12";""
"Sun, Mar 2, 2025 15:21:12";"9";""
"Sun, Mar 2, 2025 15:22:08";"19";""
"Sun, Mar 2, 2025 15:22:43";"16";""
"Sun, Mar 2, 2025 15:22:46";"7";""
"Sun, Mar 2, 2025 15:22:53";"19";""
"Sun, Mar 2, 2025 15:23:31";"21";""
"Sun, Mar 2, 2025 15:23:38";"20";""
"Sun, Mar 2, 2025 15:24:55";"20";""
"Sun, Mar 2, 2025 15:24:55";"17";""
"Sun, Mar 2, 2025 15:24:58";"13";""
"Sun, Mar 2, 2025 15:25:05";"13";""
"Sun, Mar 2, 2025 15:25:13";"18";""
"Sun, Mar 2, 2025 15:25:26";"16";""
"Sun, Mar 2, 2025 15:25:27";"15";""
"Sun, Mar 2, 2025 15:26:00";"15";""
"Sun, Mar 2, 2025 15:26:13";"24";""
"Sun, Mar 2, 2025 15:26:25";"20";""
"Sun, Mar 2, 2025 15:26:36";"16";""
"Sun, Mar 2, 2025 15:26:41";"14";""
"Sun, Mar 2, 2025 15:27:35";"18";""
"Sun, Mar 2, 2025 15:27:36";"18";""
"Sun, Mar 2, 2025 15:27:42";"16";""
"Sun, Mar 2, 2025 15:27:46";"18";""
"Sun, Mar 2, 2025 15:27:48";"13";""
"Sun, Mar 2, 2025 15:27:56";"19";""
"Sun, Mar 2, 2025 15:28:00";"16";""
"Sun, Mar 2, 2025 15:28:11";"14";""
"Sun, Mar 2, 2025 15:28:36";"13";""
"Sun, Mar 2, 2025 15:28:58";"16";""
"Sun, Mar 2, 2025 15:29:04";"16";""
"Sun, Mar 2, 2025 15:29:16";"4";""
"Sun, Mar 2, 2025 15:30:12";"19";""
"Sun, Mar 2, 2025 15:30:22";"16";""
"Sun, Mar 2, 2025 15:31:28";"16";""
"Sun, Mar 2, 2025 15:31:32";"18";""
"Sun, Mar 2, 2025 15:31:34";"16";""
"Sun, Mar 2, 2025 15:31:35";"14";""
"Sun, Mar 2, 2025 15:31:36";"17";""
"Sun, Mar 2, 2025 15:31:39";"16";""
"Sun, Mar 2, 2025 15:32:13";"21";""
"Sun, Mar 2, 2025 15:32:15";"19";""
"Sun, Mar 2, 2025 15:32:16";"12";""
"Sun, Mar 2, 2025 15:32:18";"11";""
"Sun, Mar 2, 2025 15:32:57";"12";""
"Sun, Mar 2, 2025 15:32:57";"14";""
"Sun, Mar 2, 2025 15:33:02";"12";""
"Sun, Mar 2, 2025 15:33:02";"18";""
"Sun, Mar 2, 2025 15:33:03";"13";""
"Sun, Mar 2, 2025 15:33:20";"9";""
"Sun, Mar 2, 2025 15:33:28";"21";""
"Sun, Mar 2, 2025 15:34:10";"15";""
"Sun, Mar 2, 2025 15:34:49";"15";""
"Sun, Mar 2, 2025 15:34:57";"16";""
"Sun, Mar 2, 2025 15:35:32";"21";""
"Sun, Mar 2, 2025 15:35:43";"13";""
"Sun, Mar 2, 2025 15:36:20";"13";""
"Sun, Mar 2, 2025 15:37:03";"18";""
"Sun, Mar 2, 2025 15:37:45";"17";""
"Sun, Mar 2, 2025 15:38:11";"20";""
"Sun, Mar 2, 2025 15:38:13";"20";""
"Sun, Mar 2, 2025 15:38:17";"17";""
"Sun, Mar 2, 2025 15:38:21";"16";""
"Sun, Mar 2, 2025 15:38:47";"13";""
"Sun, Mar 2, 2025 15:39:20";"13";""
"Sun, Mar 2, 2025 15:39:28";"16";""
"Sun, Mar 2, 2025 15:39:32";"20";""
"Sun, Mar 2, 2025 15:39:35";"16";""
"Sun, Mar 2, 2025 15:39:59";"11";""
"Sun, Mar 2, 2025 15:40:09";"16";""
"Sun, Mar 2, 2025 15:41:01";"13";""
"Sun, Mar 2, 2025 15:41:10";"21";""
"Sun, Mar 2, 2025 15:42:18";"14";""
"Sun, Mar 2, 2025 15:42:20";"14";""
"Sun, Mar 2, 2025 15:42:20";"13";""
"Sun, Mar 2, 2025 15:42:23";"18";""
"Sun, Mar 2, 2025 15:42:24";"18";""
"Sun, Mar 2, 2025 15:42:26";"11";""
"Sun, Mar 2, 2025 15:42:26";"9";""
"Sun, Mar 2, 2025 15:42:42";"22";""
"Sun, Mar 2, 2025 15:42:49";"18";""
"Sun, Mar 2, 2025 15:43:25";"11";""
"Sun, Mar 2, 2025 15:43:34";"17";""
"Sun, Mar 2, 2025 15:43:36";"16";""
"Sun, Mar 2, 2025 15:45:00";"14";""
"Sun, Mar 2, 2025 15:45:03";"15";""
"Sun, Mar 2, 2025 15:45:23";"15";""
"Sun, Mar 2, 2025 15:45:29";"15";""
"Sun, Mar 2, 2025 15:45:38";"14";""
"Sun, Mar 2, 2025 15:46:05";"24";""
"Sun, Mar 2, 2025 15:46:08";"15";""
"Sun, Mar 2, 2025 15:46:35";"20";""
"Sun, Mar 2, 2025 15:47:30";"18";""
"Sun, Mar 2, 2025 15:47:31";"20";""
"Sun, Mar 2, 2025 15:47:40";"14";""
"Sun, Mar 2, 2025 15:47:43";"18";""
"Sun, Mar 2, 2025 15:47:44";"13";""
"Sun, Mar 2, 2025 15:48:01";"18";""
"Sun, Mar 2, 2025 15:48:03";"13";""
"Sun, Mar 2, 2025 15:48:13";"12";""
"Sun, Mar 2, 2025 15:48:41";"21";""
"Sun, Mar 2, 2025 15:48:49";"22";""
"Sun, Mar 2, 2025 15:50:06";"14";""
"Sun, Mar 2, 2025 15:50:07";"13";""
"Sun, Mar 2, 2025 15:50:41";"11";""
"Sun, Mar 2, 2025 15:50:58";"16";""
"Sun, Mar 2, 2025 15:51:33";"18";""
"Sun, Mar 2, 2025 15:51:46";"13";""
"Sun, Mar 2, 2025 15:53:12";"18";""
"Sun, Mar 2, 2025 15:53:33";"14";""
"Sun, Mar 2, 2025 15:54:18";"13";""
"Sun, Mar 2, 2025 15:54:19";"16";""
"Sun, Mar 2, 2025 15:54:39";"18";""
"Sun, Mar 2, 2025 15:54:43";"17";""
"Sun, Mar 2, 2025 15:55:11";"19";""
"Sun, Mar 2, 2025 15:55:20";"17";""
"Sun, Mar 2, 2025 15:55:33";"21";""
"Sun, Mar 2, 2025 15:55:35";"16";""
"Sun, Mar 2, 2025 15:56:06";"16";""
"Sun, Mar 2, 2025 15:56:52";"17";""
"Sun, Mar 2, 2025 15:56:57";"16";""
"Sun, Mar 2, 2025 15:57:11";"9";""
"Sun, Mar 2, 2025 15:57:16";"16";""
"Sun, Mar 2, 2025 15:57:33";"18";""
"Sun, Mar 2, 2025 15:57:49";"16";""
"Sun, Mar 2, 2025 15:58:15";"16";""
"Sun, Mar 2, 2025 15:58:43";"14";""
"Sun, Mar 2, 2025 15:59:30";"22";""
"Sun, Mar 2, 2025 15:59:38";"16";""
"Sun, Mar 2, 2025 15:59:41";"16";""
"Sun, Mar 2, 2025 16:00:53";"19";""
"Sun, Mar 2, 2025 16:01:00";"15";""
"Sun, Mar 2, 2025 16:01:05";"24";""
"Sun, Mar 2, 2025 16:01:19";"21";""
"Sun, Mar 2, 2025 16:02:16";"16";""
"Sun, Mar 2, 2025 16:02:39";"20";""
"Sun, Mar 2, 2025 16:02:46";"17";""
"Sun, Mar 2, 2025 16:02:53";"16";""
"Sun, Mar 2, 2025 16:02:53";"34";""
"Sun, Mar 2, 2025 16:02:54";"16";""
"Sun, Mar 2, 2025 16:03:50";"18";""
"Sun, Mar 2, 2025 16:04:45";"13";""
"Sun, Mar 2, 2025 16:04:50";"14";""
"Sun, Mar 2, 2025 16:05:01";"15";""
"Sun, Mar 2, 2025 16:05:04";"16";""
"Sun, Mar 2, 2025 16:05:08";"18";""
"Sun, Mar 2, 2025 16:05:17";"20";""
"Sun, Mar 2, 2025 16:05:20";"21";""
"Sun, Mar 2, 2025 16:05:54";"13";""
"Sun, Mar 2, 2025 16:06:27";"18";""
"Sun, Mar 2, 2025 16:07:30";"22";""
"Sun, Mar 2, 2025 16:07:35";"18";""
"Sun, Mar 2, 2025 16:07:36";"17";""
"Sun, Mar 2, 2025 16:07:37";"16";""
"Sun, Mar 2, 2025 16:07:48";"15";""
"Sun, Mar 2, 2025 16:07:48";"14";""
"Sun, Mar 2, 2025 16:08:10";"13";""
"Sun, Mar 2, 2025 16:08:44";"16";""
"Sun, Mar 2, 2025 16:09:02";"12";""
"Sun, Mar 2, 2025 16:09:06";"16";""
"Sun, Mar 2, 2025 16:09:19";"13";""
"Sun, Mar 2, 2025 16:09:27";"21";""
"Sun, Mar 2, 2025 16:09:38";"12";""
"Sun, Mar 2, 2025 16:09:38";"12";""
"Sun, Mar 2, 2025 16:10:18";"13";""
"Sun, Mar 2, 2025 16:10:18";"16";""
"Sun, Mar 2, 2025 16:10:22";"14";""
"Sun, Mar 2, 2025 16:10:23";"12";""
"Sun, Mar 2, 2025 16:10:24";"12";""
"Sun, Mar 2, 2025 16:10:48";"16";""
"Sun, Mar 2, 2025 16:10:54";"18";""
"Sun, Mar 2, 2025 16:11:15";"19";""
"Sun, Mar 2, 2025 16:11:43";"16";""
"Sun, Mar 2, 2025 16:12:09";"17";""
"Sun, Mar 2, 2025 16:12:55";"17";""
"Sun, Mar 2, 2025 16:12:59";"14";""
"Sun, Mar 2, 2025 16:13:02";"16";""
"Sun, Mar 2, 2025 16:13:12";"15";""
"Sun, Mar 2, 2025 16:14:10";"22";""
"Sun, Mar 2, 2025 16:15:21";"13";""
"Sun, Mar 2, 2025 16:15:27";"17";""
"Sun, Mar 2, 2025 16:15:31";"18";""
"Sun, Mar 2, 2025 16:15:33";"18";""
"Sun, Mar 2, 2025 16:15:35";"13";""
"Sun, Mar 2, 2025 16:15:53";"13";""
"Sun, Mar 2, 2025 16:16:12";"22";""
"Sun, Mar 2, 2025 16:16:55";"25";""
"Sun, Mar 2, 2025 16:16:56";"16";""
"Sun, Mar 2, 2025 16:16:57";"13";""
"Sun, Mar 2, 2025 16:16:59";"13";""
"Sun, Mar 2, 2025 16:17:02";"13";""
"Sun, Mar 2, 2025 16:17:03";"14";""
"Sun, Mar 2, 2025 16:17:05";"16";""
"Sun, Mar 2, 2025 16:17:19";"18";""
"Sun, Mar 2, 2025 16:18:13";"21";""
"Sun, Mar 2, 2025 16:18:14";"14";""
"Sun, Mar 2, 2025 16:19:31";"18";""
"Sun, Mar 2, 2025 16:19:37";"14";""
"Sun, Mar 2, 2025 16:19:38";"14";""
"Sun, Mar 2, 2025 16:19:41";"13";""
"Sun, Mar 2, 2025 16:19:45";"13";""
"Sun, Mar 2, 2025 16:19:46";"12";""
"Sun, Mar 2, 2025 16:19:46";"11";""
"Sun, Mar 2, 2025 16:20:00";"25";""
"Sun, Mar 2, 2025 16:20:02";"13";""
"Sun, Mar 2, 2025 16:20:08";"19";""
"Sun, Mar 2, 2025 16:20:15";"15";""
"Sun, Mar 2, 2025 16:20:52";"16";""
"Sun, Mar 2, 2025 16:20:53";"15";""
"Sun, Mar 2, 2025 16:20:58";"18";""
"Sun, Mar 2, 2025 16:21:33";"18";""
"Sun, Mar 2, 2025 16:22:20";"16";""
"Sun, Mar 2, 2025 16:22:25";"18";""
"Sun, Mar 2, 2025 16:22:44";"13";""
"Sun, Mar 2, 2025 16:22:46";"18";""
"Sun, Mar 2, 2025 16:23:01";"20";""
"Sun, Mar 2, 2025 16:23:02";"17";""
"Sun, Mar 2, 2025 16:23:35";"20";""
"Sun, Mar 2, 2025 16:23:36";"16";""
"Sun, Mar 2, 2025 16:23:44";"18";""
"Sun, Mar 2, 2025 16:23:54";"25";""
"Sun, Mar 2, 2025 16:23:55";"19";""
"Sun, Mar 2, 2025 16:25:14";"16";""
"Sun, Mar 2, 2025 16:25:15";"8";""
"Sun, Mar 2, 2025 16:25:16";"9";""
"Sun, Mar 2, 2025 16:25:17";"16";""
"Sun, Mar 2, 2025 16:25:31";"12";""
"Sun, Mar 2, 2025 16:25:36";"11";""
"Sun, Mar 2, 2025 16:26:10";"20";""
"Sun, Mar 2, 2025 16:26:17";"14";""
"Sun, Mar 2, 2025 16:26:17";"9";""
"Sun, Mar 2, 2025 16:26:19";"11";""
"Sun, Mar 2, 2025 16:26:19";"18";""
"Sun, Mar 2, 2025 16:26:20";"18";""
"Sun, Mar 2, 2025 16:26:24";"16";""
"Sun, Mar 2, 2025 16:27:35";"17";""
"Sun, Mar 2, 2025 16:27:39";"16";""
"Sun, Mar 2, 2025 16:27:39";"16";""
"Sun, Mar 2, 2025 16:28:38";"11";""
"Sun, Mar 2, 2025 16:28:55";"16";""
"Sun, Mar 2, 2025 16:28:57";"17";""
"Sun, Mar 2, 2025 16:28:59";"15";""
"Sun, Mar 2, 2025 16:29:01";"13";""
"Sun, Mar 2, 2025 16:29:03";"14";""
"Sun, Mar 2, 2025 16:29:26";"22";""
"Sun, Mar 2, 2025 16:29:30";"21";""
"Sun, Mar 2, 2025 16:30:22";"21";""
"Sun, Mar 2, 2025 16:30:28";"14";""
"Sun, Mar 2, 2025 16:30:37";"19";""
"Sun, Mar 2, 2025 16:31:31";"22";""
"Sun, Mar 2, 2025 16:31:32";"21";""
"Sun, Mar 2, 2025 16:31:33";"14";""
"Sun, Mar 2, 2025 16:31:34";"20";""
"Sun, Mar 2, 2025 16:31:35";"20";""
"Sun, Mar 2, 2025 16:31:43";"17";""
"Sun, Mar 2, 2025 16:32:00";"13";""
"Sun, Mar 2, 2025 16:32:13";"16";""
"Sun, Mar 2, 2025 16:33:06";"18";""
"Sun, Mar 2, 2025 16:33:17";"14";""
"Sun, Mar 2, 2025 16:33:37";"14";""
"Sun, Mar 2, 2025 16:34:11";"13";""
"Sun, Mar 2, 2025 16:34:17";"20";""
"Sun, Mar 2, 2025 16:34:38";"15";""
"Sun, Mar 2, 2025 16:35:23";"17";""
"Sun, Mar 2, 2025 16:35:32";"19";""
"Sun, Mar 2, 2025 16:35:44";"13";""
"Sun, Mar 2, 2025 16:36:50";"16";""
"Sun, Mar 2, 2025 16:37:09";"16";""
"Sun, Mar 2, 2025 16:37:17";"10";""
"Sun, Mar 2, 2025 16:37:25";"18";""
"Sun, Mar 2, 2025 16:37:52";"14";""
"Sun, Mar 2, 2025 16:37:54";"14";""
"Sun, Mar 2, 2025 16:38:00";"12";""
"Sun, Mar 2, 2025 16:38:08";"24";""
"Sun, Mar 2, 2025 16:38:11";"17";""
"Sun, Mar 2, 2025 16:38:12";"22";""
"Sun, Mar 2, 2025 16:38:17";"13";""
"Sun, Mar 2, 2025 16:38:27";"13";""
"Sun, Mar 2, 2025 16:38:31";"18";""
"Sun, Mar 2, 2025 16:39:31";"15";""
"Sun, Mar 2, 2025 16:39:42";"12";""
"Sun, Mar 2, 2025 16:39:55";"13";""
"Sun, Mar 2, 2025 16:40:08";"16";""
"Sun, Mar 2, 2025 16:40:54";"16";""
"Sun, Mar 2, 2025 16:41:05";"12";""
"Sun, Mar 2, 2025 16:41:36";"13";""
"Sun, Mar 2, 2025 16:41:37";"19";""
"Sun, Mar 2, 2025 16:41:43";"18";""
"Sun, Mar 2, 2025 16:41:50";"12";""
"Sun, Mar 2, 2025 16:41:58";"10";""
"Sun, Mar 2, 2025 16:42:03";"8";""
"Sun, Mar 2, 2025 16:42:14";"20";""
"Sun, Mar 2, 2025 16:42:42";"18";""
"Sun, Mar 2, 2025 16:42:49";"14";""
"Sun, Mar 2, 2025 16:43:34";"13";""
"Sun, Mar 2, 2025 16:43:39";"16";""
"Sun, Mar 2, 2025 16:44:23";"14";""
"Sun, Mar 2, 2025 16:44:55";"16";""
"Sun, Mar 2, 2025 16:44:57";"16";""
"Sun, Mar 2, 2025 16:45:02";"13";""
"Sun, Mar 2, 2025 16:45:48";"13";""
"Sun, Mar 2, 2025 16:46:11";"19";""
"Sun, Mar 2, 2025 16:46:12";"24";""
"Sun, Mar 2, 2025 16:46:42";"17";""
"Sun, Mar 2, 2025 16:46:55";"10";""
"Sun, Mar 2, 2025 16:47:33";"16";""
"Sun, Mar 2, 2025 16:47:42";"14";""
"Sun, Mar 2, 2025 16:47:42";"17";""
"Sun, Mar 2, 2025 16:47:50";"18";""
"Sun, Mar 2, 2025 16:47:54";"25";""
"Sun, Mar 2, 2025 16:48:00";"22";""
"Sun, Mar 2, 2025 16:49:00";"13";""
"Sun, Mar 2, 2025 16:49:13";"13";""
"Sun, Mar 2, 2025 16:49:18";"16";""
"Sun, Mar 2, 2025 16:49:19";"19";""
"Sun, Mar 2, 2025 16:49:34";"16";""
"Sun, Mar 2, 2025 16:49:52";"12";""
"Sun, Mar 2, 2025 16:49:52";"12";""
"Sun, Mar 2, 2025 16:50:18";"16";""
"Sun, Mar 2, 2025 16:50:28";"16";""
"Sun, Mar 2, 2025 16:51:22";"21";""
"Sun, Mar 2, 2025 16:51:33";"18";""
"Sun, Mar 2, 2025 16:51:41";"13";""
"Sun, Mar 2, 2025 16:51:48";"13";""
"Sun, Mar 2, 2025 16:51:48";"14";""
"Sun, Mar 2, 2025 16:51:57";"17";""
"Sun, Mar 2, 2025 16:51:58";"18";""
"Sun, Mar 2, 2025 16:52:53";"17";""
"Sun, Mar 2, 2025 16:52:59";"14";""
"Sun, Mar 2, 2025 16:52:59";"18";""
"Sun, Mar 2, 2025 16:53:00";"19";""
"Sun, Mar 2, 2025 16:53:01";"18";""
"Sun, Mar 2, 2025 16:53:07";"16";""
"Sun, Mar 2, 2025 16:54:10";"19";""
"Sun, Mar 2, 2025 16:54:16";"18";""
"Sun, Mar 2, 2025 16:55:00";"18";""
"Sun, Mar 2, 2025 16:55:28";"25";""
"Sun, Mar 2, 2025 16:55:29";"16";""
"Sun, Mar 2, 2025 16:55:36";"13";""
"Sun, Mar 2, 2025 16:55:36";"16";""
"Sun, Mar 2, 2025 16:55:44";"15";""
"Sun, Mar 2, 2025 16:56:20";"16";""
"Sun, Mar 2, 2025 16:56:59";"15";""
"Sun, Mar 2, 2025 16:57:11";"16";""
"Sun, Mar 2, 2025 16:57:16";"17";""
"Sun, Mar 2, 2025 16:57:32";"18";""
"Sun, Mar 2, 2025 16:57:33";"20";""
"Sun, Mar 2, 2025 16:57:33";"20";""
"Sun, Mar 2, 2025 16:57:35";"18";""
"Sun, Mar 2, 2025 16:58:19";"14";""
"Sun, Mar 2, 2025 16:59:07";"15";""
"Sun, Mar 2, 2025 16:59:08";"18";""
"Sun, Mar 2, 2025 16:59:35";"17";""
"Sun, Mar 2, 2025 16:59:36";"16";""
"Sun, Mar 2, 2025 16:59:48";"14";""
"Sun, Mar 2, 2025 16:59:48";"16";""
"Sun, Mar 2, 2025 16:59:51";"17";""
"Sun, Mar 2, 2025 17:00:51";"29";""
"Sun, Mar 2, 2025 17:00:54";"15";""
"Sun, Mar 2, 2025 17:00:55";"15";""
"Sun, Mar 2, 2025 17:00:55";"13";""
"Sun, Mar 2, 2025 17:01:00";"18";""
"Sun, Mar 2, 2025 17:01:33";"14";""
"Sun, Mar 2, 2025 17:02:02";"14";""
"Sun, Mar 2, 2025 17:02:18";"19";""
"Sun, Mar 2, 2025 17:02:22";"15";""
"Sun, Mar 2, 2025 17:03:31";"18";""
"Sun, Mar 2, 2025 17:03:48";"12";""
"Sun, Mar 2, 2025 17:04:38";"16";""
"Sun, Mar 2, 2025 17:05:06";"12";""
"Sun, Mar 2, 2025 17:06:12";"19";""
"Sun, Mar 2, 2025 17:06:22";"17";""
"Sun, Mar 2, 2025 17:06:23";"12";""
"Sun, Mar 2, 2025 17:06:29";"13";""
"Sun, Mar 2, 2025 17:06:54";"11";""
"Sun, Mar 2, 2025 17:07:08";"12";""
"Sun, Mar 2, 2025 17:07:20";"14";""
"Sun, Mar 2, 2025 17:07:38";"15";""
"Sun, Mar 2, 2025 17:08:51";"16";""
"Sun, Mar 2, 2025 17:08:54";"17";""
"Sun, Mar 2, 2025 17:09:02";"21";""
"Sun, Mar 2, 2025 17:09:03";"21";""
"Sun, Mar 2, 2025 17:09:23";"16";""
"Sun, Mar 2, 2025 17:09:25";"14";""
"Sun, Mar 2, 2025 17:10:21";"14";""
"Sun, Mar 2, 2025 17:10:38";"16";""
"Sun, Mar 2, 2025 17:10:53";"16";""
"Sun, Mar 2, 2025 17:11:00";"14";""
"Sun, Mar 2, 2025 17:11:07";"13";""
"Sun, Mar 2, 2025 17:11:24";"24";""
"Sun, Mar 2, 2025 17:11:28";"20";""
"Sun, Mar 2, 2025 17:11:43";"12";""
"Sun, Mar 2, 2025 17:12:31";"13";""
"Sun, Mar 2, 2025 17:12:51";"20";""
"Sun, Mar 2, 2025 17:12:52";"22";""
"Sun, Mar 2, 2025 17:12:58";"15";""
"Sun, Mar 2, 2025 17:13:05";"16";""
"Sun, Mar 2, 2025 17:13:24";"13";""
"Sun, Mar 2, 2025 17:13:26";"12";""
"Sun, Mar 2, 2025 17:13:27";"13";""
"Sun, Mar 2, 2025 17:13:31";"18";""
"Sun, Mar 2, 2025 17:14:10";"16";""
"Sun, Mar 2, 2025 17:14:15";"16";""
"Sun, Mar 2, 2025 17:14:16";"16";""
"Sun, Mar 2, 2025 17:14:22";"9";""
"Sun, Mar 2, 2025 17:14:34";"13";""
"Sun, Mar 2, 2025 17:14:34";"6";""
"Sun, Mar 2, 2025 17:15:36";"16";""
"Sun, Mar 2, 2025 17:16:04";"19";""
"Sun, Mar 2, 2025 17:16:09";"16";""
"Sun, Mar 2, 2025 17:16:10";"16";""
"Sun, Mar 2, 2025 17:16:10";"18";""
"Sun, Mar 2, 2025 17:16:15";"18";""
"Sun, Mar 2, 2025 17:16:41";"8";""
"Sun, Mar 2, 2025 17:17:02";"14";""
"Sun, Mar 2, 2025 17:17:04";"13";""
"Sun, Mar 2, 2025 17:17:44";"18";""
"Sun, Mar 2, 2025 17:18:06";"15";""
"Sun, Mar 2, 2025 17:18:17";"18";""
"Sun, Mar 2, 2025 17:18:20";"12";""
"Sun, Mar 2, 2025 17:18:21";"13";""
"Sun, Mar 2, 2025 17:18:24";"12";""
"Sun, Mar 2, 2025 17:18:34";"16";""
"Sun, Mar 2, 2025 17:18:39";"18";""
"Sun, Mar 2, 2025 17:18:44";"20";""
"Sun, Mar 2, 2025 17:18:59";"13";""
"Sun, Mar 2, 2025 17:19:00";"14";""
"Sun, Mar 2, 2025 17:19:07";"18";""
"Sun, Mar 2, 2025 17:19:31";"18";""
"Sun, Mar 2, 2025 17:19:34";"21";""
"Sun, Mar 2, 2025 17:19:40";"19";""
"Sun, Mar 2, 2025 17:20:50";"15";""
"Sun, Mar 2, 2025 17:21:43";"14";""
"Sun, Mar 2, 2025 17:21:44";"14";""
"Sun, Mar 2, 2025 17:21:57";"8";""
"Sun, Mar 2, 2025 17:22:32";"16";""
"Sun, Mar 2, 2025 17:23:17";"19";""
"Sun, Mar 2, 2025 17:23:32";"13";""
"Sun, Mar 2, 2025 17:23:34";"16";""
"Sun, Mar 2, 2025 17:24:17";"17";""
"Sun, Mar 2, 2025 17:24:56";"18";""
"Sun, Mar 2, 2025 17:24:57";"16";""
"Sun, Mar 2, 2025 17:25:33";"18";""
"Sun, Mar 2, 2025 17:25:33";"17";""
"Sun, Mar 2, 2025 17:25:34";"16";""
"Sun, Mar 2, 2025 17:25:34";"18";""
"Sun, Mar 2, 2025 17:26:10";"13";""
"Sun, Mar 2, 2025 17:26:12";"17";""
"Sun, Mar 2, 2025 17:26:46";"17";""
"Sun, Mar 2, 2025 17:26:49";"16";""
"Sun, Mar 2, 2025 17:27:39";"21";""
"Sun, Mar 2, 2025 17:27:51";"16";""
"Sun, Mar 2, 2025 17:27:57";"18";""
"Sun, Mar 2, 2025 17:28:02";"16";""
"Sun, Mar 2, 2025 17:28:05";"17";""
"Sun, Mar 2, 2025 17:28:37";"15";""
"Sun, Mar 2, 2025 17:28:50";"19";""
"Sun, Mar 2, 2025 17:28:59";"15";""
"Sun, Mar 2, 2025 17:29:26";"14";""
"Sun, Mar 2, 2025 17:30:13";"19";""
"Sun, Mar 2, 2025 17:30:20";"14";""
"Sun, Mar 2, 2025 17:30:59";"14";""
"Sun, Mar 2, 2025 17:31:00";"12";""
"Sun, Mar 2, 2025 17:31:25";"29";""
"Sun, Mar 2, 2025 17:31:28";"16";""
"Sun, Mar 2, 2025 17:31:32";"16";""
"Sun, Mar 2, 2025 17:31:57";"9";""
"Sun, Mar 2, 2025 17:32:02";"13";""
"Sun, Mar 2, 2025 17:32:03";"14";""
"Sun, Mar 2, 2025 17:32:13";"15";""
"Sun, Mar 2, 2025 17:32:55";"16";""
"Sun, Mar 2, 2025 17:33:21";"19";""
"Sun, Mar 2, 2025 17:33:34";"19";""
"Sun, Mar 2, 2025 17:33:56";"12";""
"Sun, Mar 2, 2025 17:34:21";"12";""
"Sun, Mar 2, 2025 17:35:00";"13";""
"Sun, Mar 2, 2025 17:35:26";"20";""
"Sun, Mar 2, 2025 17:35:35";"16";""
"Sun, Mar 2, 2025 17:35:38";"13";""
"Sun, Mar 2, 2025 17:35:41";"13";""
"Sun, Mar 2, 2025 17:35:51";"15";""
"Sun, Mar 2, 2025 17:36:31";"11";""
"Sun, Mar 2, 2025 17:36:49";"19";""
"Sun, Mar 2, 2025 17:36:53";"17";""
"Sun, Mar 2, 2025 17:36:55";"16";""
"Sun, Mar 2, 2025 17:37:07";"20";""
"Sun, Mar 2, 2025 17:37:30";"14";""
"Sun, Mar 2, 2025 17:37:40";"14";""
"Sun, Mar 2, 2025 17:37:49";"13";""
"Sun, Mar 2, 2025 17:38:22";"14";""
"Sun, Mar 2, 2025 17:39:39";"20";""
"Sun, Mar 2, 2025 17:39:41";"14";""
"Sun, Mar 2, 2025 17:40:46";"16";""
"Sun, Mar 2, 2025 17:40:51";"13";""
"Sun, Mar 2, 2025 17:40:53";"16";""
"Sun, Mar 2, 2025 17:40:53";"15";""
"Sun, Mar 2, 2025 17:40:58";"16";""
"Sun, Mar 2, 2025 17:42:08";"21";""
"Sun, Mar 2, 2025 17:42:19";"15";""
"Sun, Mar 2, 2025 17:43:03";"12";""
"Sun, Mar 2, 2025 17:43:05";"12";""
"Sun, Mar 2, 2025 17:43:06";"12";""
"Sun, Mar 2, 2025 17:43:37";"16";""
"Sun, Mar 2, 2025 17:43:50";"12";""
"Sun, Mar 2, 2025 17:44:16";"13";""
"Sun, Mar 2, 2025 17:44:53";"18";""
"Sun, Mar 2, 2025 17:44:54";"18";""
"Sun, Mar 2, 2025 17:44:59";"13";""
"Sun, Mar 2, 2025 17:45:00";"13";""
"Sun, Mar 2, 2025 17:45:02";"13";""
"Sun, Mar 2, 2025 17:45:09";"24";""
"Sun, Mar 2, 2025 17:45:16";"9";""
"Sun, Mar 2, 2025 17:45:24";"18";""
"Sun, Mar 2, 2025 17:45:26";"17";""
"Sun, Mar 2, 2025 17:45:28";"18";""
"Sun, Mar 2, 2025 17:45:33";"19";""
"Sun, Mar 2, 2025 17:45:33";"11";""
"Sun, Mar 2, 2025 17:45:34";"22";""
"Sun, Mar 2, 2025 17:46:15";"16";""
"Sun, Mar 2, 2025 17:46:45";"16";""
"Sun, Mar 2, 2025 17:47:36";"20";""
"Sun, Mar 2, 2025 17:48:52";"18";""
"Sun, Mar 2, 2025 17:48:54";"17";""
"Sun, Mar 2, 2025 17:48:57";"16";""
"Sun, Mar 2, 2025 17:49:00";"18";""
"Sun, Mar 2, 2025 17:49:01";"18";""
"Sun, Mar 2, 2025 17:49:02";"16";""
"Sun, Mar 2, 2025 17:49:08";"15";""
"Sun, Mar 2, 2025 17:49:08";"19";""
"Sun, Mar 2, 2025 17:49:25";"14";""
"Sun, Mar 2, 2025 17:49:42";"17";""
"Sun, Mar 2, 2025 17:50:11";"20";""
"Sun, Mar 2, 2025 17:50:13";"15";""
"Sun, Mar 2, 2025 17:50:14";"14";""
"Sun, Mar 2, 2025 17:50:33";"15";""
"Sun, Mar 2, 2025 17:50:57";"12";""
"Sun, Mar 2, 2025 17:51:29";"18";""
"Sun, Mar 2, 2025 17:51:32";"19";""
"Sun, Mar 2, 2025 17:51:37";"15";""
"Sun, Mar 2, 2025 17:51:39";"13";""
"Sun, Mar 2, 2025 17:51:40";"15";""
"Sun, Mar 2, 2025 17:52:42";"20";""
"Sun, Mar 2, 2025 17:52:49";"20";""
"Sun, Mar 2, 2025 17:52:56";"17";""
"Sun, Mar 2, 2025 17:53:29";"16";""
"Sun, Mar 2, 2025 17:53:55";"20";""
"Sun, Mar 2, 2025 17:54:16";"17";""
"Sun, Mar 2, 2025 17:54:23";"15";""
"Sun, Mar 2, 2025 17:54:38";"17";""
"Sun, Mar 2, 2025 17:54:44";"16";""
"Sun, Mar 2, 2025 17:54:59";"14";""
"Sun, Mar 2, 2025 17:55:31";"16";""
"Sun, Mar 2, 2025 17:55:51";"18";""
"Sun, Mar 2, 2025 17:56:20";"19";""
"Sun, Mar 2, 2025 17:56:49";"18";""
"Sun, Mar 2, 2025 17:56:55";"14";""
"Sun, Mar 2, 2025 17:57:02";"12";""
"Sun, Mar 2, 2025 17:57:05";"14";""
"Sun, Mar 2, 2025 17:57:16";"13";""
"Sun, Mar 2, 2025 17:57:18";"15";""
"Sun, Mar 2, 2025 17:58:10";"22";""
"Sun, Mar 2, 2025 17:58:12";"14";""
"Sun, Mar 2, 2025 17:58:24";"13";""
"Sun, Mar 2, 2025 17:58:40";"13";""
"Sun, Mar 2, 2025 17:58:52";"11";""
"Sun, Mar 2, 2025 17:58:58";"12";""
"Sun, Mar 2, 2025 17:58:58";"13";""
"Sun, Mar 2, 2025 17:59:30";"19";""
"Sun, Mar 2, 2025 17:59:37";"21";""
"Sun, Mar 2, 2025 17:59:53";"13";""
"Sun, Mar 2, 2025 17:59:54";"14";""
"Sun, Mar 2, 2025 18:00:54";"16";""
"Sun, Mar 2, 2025 18:02:13";"20";""
"Sun, Mar 2, 2025 18:02:17";"15";""
"Sun, Mar 2, 2025 18:02:31";"29";""
"Sun, Mar 2, 2025 18:05:19";"17";""
"Sun, Mar 2, 2025 18:06:20";"18";""
"Sun, Mar 2, 2025 18:06:20";"21";""
"Sun, Mar 2, 2025 18:06:46";"17";""
"Sun, Mar 2, 2025 18:06:57";"14";""
"Sun, Mar 2, 2025 18:06:59";"14";""
"Sun, Mar 2, 2025 18:07:41";"15";""
"Sun, Mar 2, 2025 18:08:03";"14";""
"Sun, Mar 2, 2025 18:08:58";"16";""
"Sun, Mar 2, 2025 18:09:11";"12";""
"Sun, Mar 2, 2025 18:10:13";"17";""
"Sun, Mar 2, 2025 18:10:33";"18";""
"Sun, Mar 2, 2025 18:10:38";"11";""
"Sun, Mar 2, 2025 18:10:39";"13";""
"Sun, Mar 2, 2025 18:11:14";"21";""
"Sun, Mar 2, 2025 18:11:25";"20";""
"Sun, Mar 2, 2025 18:11:39";"13";""
"Sun, Mar 2, 2025 18:12:30";"14";""
"Sun, Mar 2, 2025 18:12:55";"18";""
"Sun, Mar 2, 2025 18:12:59";"13";""
"Sun, Mar 2, 2025 18:13:03";"13";""
"Sun, Mar 2, 2025 18:13:05";"12";""
"Sun, Mar 2, 2025 18:15:44";"13";""
"Sun, Mar 2, 2025 18:16:05";"14";""
"Sun, Mar 2, 2025 18:16:13";"11";""
"Sun, Mar 2, 2025 18:17:22";"13";""
"Sun, Mar 2, 2025 18:17:39";"15";""
"Sun, Mar 2, 2025 18:17:56";"13";""
"Sun, Mar 2, 2025 18:17:58";"13";""
"Sun, Mar 2, 2025 18:18:06";"14";""
"Sun, Mar 2, 2025 18:18:12";"18";""
"Sun, Mar 2, 2025 18:18:36";"14";""
"Sun, Mar 2, 2025 18:18:39";"14";""
"Sun, Mar 2, 2025 18:19:36";"18";""
"Sun, Mar 2, 2025 18:20:01";"21";""
"Sun, Mar 2, 2025 18:20:26";"15";""
"Sun, Mar 2, 2025 18:20:48";"16";""
"Sun, Mar 2, 2025 18:22:27";"14";""
"Sun, Mar 2, 2025 18:23:46";"21";""
"Sun, Mar 2, 2025 18:23:50";"16";""
"Sun, Mar 2, 2025 18:25:12";"16";""
"Sun, Mar 2, 2025 18:25:31";"13";""
"Sun, Mar 2, 2025 18:26:09";"19";""
"Sun, Mar 2, 2025 18:26:14";"17";""
"Sun, Mar 2, 2025 18:27:35";"17";""
"Sun, Mar 2, 2025 18:28:49";"17";""
"Sun, Mar 2, 2025 18:29:10";"14";""
"Sun, Mar 2, 2025 18:29:24";"11";""
"Sun, Mar 2, 2025 18:29:24";"18";""
"Sun, Mar 2, 2025 18:30:23";"12";""
"Sun, Mar 2, 2025 18:31:24";"18";""
"Sun, Mar 2, 2025 18:31:34";"17";""
"Sun, Mar 2, 2025 18:31:47";"15";""
"Sun, Mar 2, 2025 18:32:15";"16";""
"Sun, Mar 2, 2025 18:32:16";"14";""
"Sun, Mar 2, 2025 18:32:17";"14";""
"Sun, Mar 2, 2025 18:33:07";"14";""
"Sun, Mar 2, 2025 18:33:09";"10";""
"Sun, Mar 2, 2025 18:33:12";"17";""
"Sun, Mar 2, 2025 18:33:53";"18";""
"Sun, Mar 2, 2025 18:34:19";"24";""
"Sun, Mar 2, 2025 18:34:30";"18";""
"Sun, Mar 2, 2025 18:35:31";"18";""
"Sun, Mar 2, 2025 18:36:07";"14";""
"Sun, Mar 2, 2025 18:36:10";"16";""
"Sun, Mar 2, 2025 18:38:19";"21";""
"Sun, Mar 2, 2025 18:38:33";"12";""
"Sun, Mar 2, 2025 18:39:34";"18";""
"Sun, Mar 2, 2025 18:40:34";"16";""
"Sun, Mar 2, 2025 18:40:52";"21";""
"Sun, Mar 2, 2025 18:40:55";"17";""
"Sun, Mar 2, 2025 18:41:00";"14";""
"Sun, Mar 2, 2025 18:41:51";"13";""
"Sun, Mar 2, 2025 18:43:11";"18";""
"Sun, Mar 2, 2025 18:46:11";"16";""
"Sun, Mar 2, 2025 18:46:13";"18";""
"Sun, Mar 2, 2025 18:46:14";"11";""
"Sun, Mar 2, 2025 18:46:20";"13";""
"Sun, Mar 2, 2025 18:47:31";"15";""
"Sun, Mar 2, 2025 18:47:32";"19";""
"Sun, Mar 2, 2025 18:49:21";"16";""
"Sun, Mar 2, 2025 18:49:51";"10";""
"Sun, Mar 2, 2025 18:51:43";"12";""
"Sun, Mar 2, 2025 18:52:15";"13";""
"Sun, Mar 2, 2025 18:52:52";"16";""
"Sun, Mar 2, 2025 18:53:11";"13";""
"Sun, Mar 2, 2025 18:53:18";"16";""
"Sun, Mar 2, 2025 18:53:20";"16";""
"Sun, Mar 2, 2025 18:53:20";"16";""
"Sun, Mar 2, 2025 18:53:35";"13";""
"Sun, Mar 2, 2025 18:58:09";"18";""
"Sun, Mar 2, 2025 18:58:16";"14";""
"Sun, Mar 2, 2025 18:58:21";"16";""
"Sun, Mar 2, 2025 18:59:02";"14";""
"Sun, Mar 2, 2025 18:59:54";"16";""
"Sun, Mar 2, 2025 19:00:04";"8";""
"Sun, Mar 2, 2025 19:01:19";"13";""
"Sun, Mar 2, 2025 19:01:54";"16";""
"Sun, Mar 2, 2025 19:02:49";"16";""
"Sun, Mar 2, 2025 19:03:28";"17";""
"Sun, Mar 2, 2025 19:03:42";"13";""
"Sun, Mar 2, 2025 19:04:37";"19";""
"Sun, Mar 2, 2025 19:05:06";"16";""
"Sun, Mar 2, 2025 19:06:18";"10";""
"Sun, Mar 2, 2025 19:06:43";"21";""
"Sun, Mar 2, 2025 19:07:30";"13";""
"Sun, Mar 2, 2025 19:08:56";"16";""
"Sun, Mar 2, 2025 19:09:01";"12";""
"Sun, Mar 2, 2025 19:09:02";"12";""
"Sun, Mar 2, 2025 19:09:02";"12";""
"Sun, Mar 2, 2025 19:10:23";"15";""
"Sun, Mar 2, 2025 19:14:29";"16";""
"Sun, Mar 2, 2025 19:15:00";"12";""
"Sun, Mar 2, 2025 19:15:38";"14";""
"Sun, Mar 2, 2025 19:16:27";"16";""
"Sun, Mar 2, 2025 19:18:21";"14";""
"Sun, Mar 2, 2025 19:18:55";"15";""
"Sun, Mar 2, 2025 19:20:02";"18";""
"Sun, Mar 2, 2025 19:20:19";"16";""
"Sun, Mar 2, 2025 19:20:36";"15";""
"Sun, Mar 2, 2025 19:20:50";"18";""
"Sun, Mar 2, 2025 19:21:00";"13";""
"Sun, Mar 2, 2025 19:21:10";"14";""
"Sun, Mar 2, 2025 19:22:20";"14";""
"Sun, Mar 2, 2025 19:23:27";"11";""
"Sun, Mar 2, 2025 19:25:15";"11";""
"Sun, Mar 2, 2025 19:26:21";"11";""
"Sun, Mar 2, 2025 19:28:10";"17";""
"Sun, Mar 2, 2025 19:30:16";"15";""
"Sun, Mar 2, 2025 19:30:16";"15";""
"Sun, Mar 2, 2025 19:30:25";"12";""
"Sun, Mar 2, 2025 19:30:26";"19";""
"Sun, Mar 2, 2025 19:30:47";"11";""
"Sun, Mar 2, 2025 19:32:07";"21";""
"Sun, Mar 2, 2025 19:34:16";"13";""
"Sun, Mar 2, 2025 19:34:24";"14";""
"Sun, Mar 2, 2025 19:35:57";"17";""
"Sun, Mar 2, 2025 19:37:20";"19";""
"Sun, Mar 2, 2025 19:38:19";"12";""
"Sun, Mar 2, 2025 19:42:18";"16";""
"Sun, Mar 2, 2025 19:43:50";"13";""
"Sun, Mar 2, 2025 19:47:54";"18";""
"Sun, Mar 2, 2025 19:50:18";"14";""
"Sun, Mar 2, 2025 19:50:19";"13";""
"Sun, Mar 2, 2025 19:51:53";"13";""
"Sun, Mar 2, 2025 19:54:17";"18";""
"Sun, Mar 2, 2025 19:55:09";"15";""
"Sun, Mar 2, 2025 19:57:15";"17";""
"Sun, Mar 2, 2025 19:58:15";"19";""
"Sun, Mar 2, 2025 19:58:18";"13";""
"Sun, Mar 2, 2025 19:59:57";"10";""
"Sun, Mar 2, 2025 19:59:58";"10";""
"Sun, Mar 2, 2025 20:00:00";"9";""
"Sun, Mar 2, 2025 20:01:50";"9";""
"Sun, Mar 2, 2025 20:01:51";"8";""
"Sun, Mar 2, 2025 20:02:35";"12";""
"Sun, Mar 2, 2025 20:02:40";"13";""
"Sun, Mar 2, 2025 20:04:09";"11";""
"Sun, Mar 2, 2025 20:06:35";"19";""
"Sun, Mar 2, 2025 20:08:07";"13";""
"Sun, Mar 2, 2025 20:08:31";"16";""
"Sun, Mar 2, 2025 20:09:12";"14";""
"Sun, Mar 2, 2025 20:12:16";"10";""
"Sun, Mar 2, 2025 20:13:02";"14";""
"Sun, Mar 2, 2025 20:15:07";"18";""
"Sun, Mar 2, 2025 20:15:32";"16";""
"Sun, Mar 2, 2025 20:15:33";"16";""
"Sun, Mar 2, 2025 20:16:58";"14";""
"Sun, Mar 2, 2025 20:19:26";"22";""
"Sun, Mar 2, 2025 20:22:48";"14";""
"Sun, Mar 2, 2025 20:23:37";"13";""
"Sun, Mar 2, 2025 20:23:57";"11";""
"Sun, Mar 2, 2025 20:26:27";"15";""
"Sun, Mar 2, 2025 20:26:41";"13";""
"Sun, Mar 2, 2025 20:26:42";"14";""
"Sun, Mar 2, 2025 20:28:47";"10";""
"Sun, Mar 2, 2025 20:28:52";"16";""
"Sun, Mar 2, 2025 20:31:01";"17";""
"Sun, Mar 2, 2025 20:32:04";"18";""
"Sun, Mar 2, 2025 20:33:02";"13";""
"Sun, Mar 2, 2025 20:34:22";"14";""
"Sun, Mar 2, 2025 20:34:23";"10";""
"Sun, Mar 2, 2025 20:34:24";"11";""
"Sun, Mar 2, 2025 20:36:39";"13";""
"Sun, Mar 2, 2025 20:36:58";"10";""
"Sun, Mar 2, 2025 20:40:18";"16";""
"Sun, Mar 2, 2025 20:41:04";"20";""
"Sun, Mar 2, 2025 20:41:36";"14";""
"Sun, Mar 2, 2025 20:42:12";"14";""
"Sun, Mar 2, 2025 20:42:36";"10";""
"Sun, Mar 2, 2025 20:44:18";"14";""
"Sun, Mar 2, 2025 20:46:14";"16";""
"Sun, Mar 2, 2025 20:46:18";"12";""
"Sun, Mar 2, 2025 20:47:32";"16";""
"Sun, Mar 2, 2025 20:47:36";"14";""
"Sun, Mar 2, 2025 20:52:08";"19";""
"Sun, Mar 2, 2025 20:52:22";"13";""
"Sun, Mar 2, 2025 20:56:27";"16";""
"Sun, Mar 2, 2025 20:57:11";"15";""
"Sun, Mar 2, 2025 21:00:14";"16";""
"Sun, Mar 2, 2025 21:00:49";"15";""
"Sun, Mar 2, 2025 21:03:34";"16";""
"Sun, Mar 2, 2025 21:03:44";"10";""
"Sun, Mar 2, 2025 21:06:15";"19";""
"Sun, Mar 2, 2025 21:10:10";"21";""
"Sun, Mar 2, 2025 21:10:18";"18";""
"Sun, Mar 2, 2025 21:11:38";"14";""
"Sun, Mar 2, 2025 21:12:04";"11";""
"Sun, Mar 2, 2025 21:13:28";"12";""
"Sun, Mar 2, 2025 21:14:51";"19";""
"Sun, Mar 2, 2025 21:15:34";"16";""
"Sun, Mar 2, 2025 21:16:07";"16";""
"Sun, Mar 2, 2025 21:17:04";"20";""
"Sun, Mar 2, 2025 21:19:21";"14";""
